benchmark_level,entity_name,year,total_completed_projects,projects_with_schedule_outcome,delay_count,delay_rate_pct,mean_delay_months,median_delay_months,projects_with_cost_outcome,cost_overrun_count,cost_overrun_rate_pct,mean_cost_overrun_pct,median_cost_overrun_pct,total_original_cost_crore,total_cumulative_expenditure_crore
Sector x Year,ATOMIC ENERGY,2013,1,1,1,100.0,22.0,22.0,0,0,,,,53.0,2000007.0
Sector x Year,CENTRAL SECTOR,2011,27,26,26,100.0,23.31,23.5,0,0,,,,1530.0,988321492.7
Sector x Year,CENTRAL SECTOR,2012,4,4,3,75.0,6.25,7.0,0,0,,,,340.0,64000230.0
Sector x Year,CENTRAL SECTOR,2013,5,4,4,100.0,38.5,28.5,0,0,,,,209.0,300100521.0
Sector x Year,CENTRAL SECTOR,2014,20,20,20,100.0,75.4,62.5,0,0,,,,2946.87,388102384.5
Sector x Year,CENTRAL SECTOR,2015,9,9,9,100.0,45.11,47.0,0,0,,,,378.0,148000770.5
Sector x Year,CENTRAL SECTOR,2016,2,2,2,100.0,27.5,27.5,0,0,,,,62.0,18000107.0
Sector x Year,CENTRAL SECTOR,2017,19,19,18,94.74,35.63,32.0,0,0,,,,16000783.0,246007811.61
Sector x Year,CENTRAL SECTOR,2018,10,4,0,0.0,-2.25,-2.5,0,0,,,,637.0,182002990.0
Sector x Year,CENTRAL SECTOR,2019,13,13,12,92.31,18.92,14.0,0,0,,,,872.0,218002453.0
Sector x Year,CENTRAL SECTOR,2020,95,77,77,100.0,68.44,58.0,0,0,,,,8228.0,578013876.06
Sector x Year,CENTRAL SECTOR,2021,6,6,6,100.0,50.83,40.5,0,0,,,,240.0,84100323.0
Sector x Year,CENTRAL SECTOR,2022,125,118,117,99.15,51.19,45.5,0,0,,,,15581.0,894027591.91
Sector x Year,CENTRAL SECTOR,2023,195,172,169,98.26,46.98,42.0,0,0,,,,38714.0,1652062872.1
Sector x Year,CENTRAL SECTOR,2024,144,139,122,87.77,27.53,30.0,0,0,,,,17832.0,2161084290.46
Sector x Year,CIVIL AVIATION,2011,3,3,3,100.0,4.0,3.0,0,0,,,,107.0,8000076.0
Sector x Year,CIVIL AVIATION,2014,2,2,2,100.0,42.0,42.0,0,0,,,,54.0,8000074.0
Sector x Year,CIVIL AVIATION,2015,3,3,3,100.0,18.0,21.0,0,0,,,,96.0,8000145.0
Sector x Year,CIVIL AVIATION,2017,1,1,1,100.0,64.0,64.0,0,0,,,,18.0,4000069.0
Sector x Year,CIVIL AVIATION,2018,1,1,1,100.0,94.0,94.0,0,0,,,,68.0,4000050.0
Sector x Year,CIVIL AVIATION,2021,1,1,1,100.0,136.0,136.0,0,0,,,,161.0,4000040.0
Sector x Year,CIVIL AVIATION,2022,1,1,1,100.0,41.0,41.0,0,0,,,,127.0,4000084.0
Sector x Year,COAL,2010,1,1,1,100.0,15.0,15.0,0,0,,,,8.0,2.1
Sector x Year,COAL,2012,2,2,2,100.0,23.5,23.5,0,0,,,,132.0,25000040.0
Sector x Year,COAL,2013,2,2,2,100.0,31.0,31.0,0,0,,,,33.0,50000109.0
Sector x Year,COAL,2014,1,1,1,100.0,2.0,2.0,0,0,,,,6.0,6000019.0
Sector x Year,COAL,2015,3,3,3,100.0,50.67,57.0,0,0,,,,122.0,201471.35
Sector x Year,COAL,2016,5,5,5,100.0,27.4,23.0,0,0,,,,180.0,12000047.5
Sector x Year,COAL,2017,1,1,1,100.0,57.0,57.0,0,0,,,,44.0,3.0
Sector x Year,COAL,2018,1,1,1,100.0,57.0,57.0,0,0,,,,80.0,6000056.0
Sector x Year,COAL,2019,6,6,5,83.33,37.0,29.0,0,0,,,,448.0,6000155.0
Sector x Year,COAL,2020,7,7,6,85.71,49.43,60.0,0,0,,,,2380.0,30000428.5
Sector x Year,COAL,2021,5,5,5,100.0,22.2,20.0,0,0,,,,719.0,24000556.0
Sector x Year,COAL,2022,3,3,3,100.0,87.33,94.0,0,0,,,,399.0,12000232.5
Sector x Year,COAL,2023,4,4,4,100.0,59.75,33.0,0,0,,,,608.0,36000901.0
Sector x Year,COAL,2024,2,2,2,100.0,37.0,37.0,0,0,,,,12.0,12000212.0
Sector x Year,DEFENCE,2024,1,1,1,100.0,50.0,50.0,0,0,,,,61.0,28000103.0
Sector x Year,HEALTH AND FAMILY WELFARE,2017,2,2,2,100.0,23.5,23.5,0,0,,,,93.0,42000009.0
Sector x Year,HEALTH AND FAMILY WELFARE,2018,1,1,1,100.0,53.0,53.0,0,0,,,,6.0,21000006.0
Sector x Year,HEALTH AND FAMILY WELFARE,2019,1,1,1,100.0,7.0,7.0,0,0,,,,94.0,21000014.0
Sector x Year,HEALTH AND FAMILY WELFARE,2023,12,12,12,100.0,66.67,63.5,0,0,,,,690.0,252000155.0
Sector x Year,HEALTH AND FAMILY WELFARE,2024,1,1,1,100.0,41.0,41.0,0,0,,,,233.0,152.0
Sector x Year,MINES,2011,1,1,1,100.0,36.0,36.0,0,0,,,,44.0,100100054.0
Sector x Year,MINES,2017,2,2,2,100.0,12.0,12.0,0,0,,,,81.0,100.4
Sector x Year,PETROLEUM,2010,10,9,9,100.0,15.67,8.0,0,0,,,,16000440.0,720401784.0
Sector x Year,PETROLEUM,2011,9,9,9,100.0,15.44,18.0,0,0,,,,421.0,144000426.0
Sector x Year,PETROLEUM,2012,13,12,12,100.0,22.08,17.5,0,0,,,,623.0,160000552.0
Sector x Year,PETROLEUM,2013,14,13,13,100.0,15.77,11.0,0,0,,,,1659.5,192001792.72
Sector x Year,PETROLEUM,2014,22,22,21,95.45,38.0,32.0,0,0,,,,3004.79,900402302.0
Sector x Year,PETROLEUM,2015,18,18,17,94.44,31.78,27.5,0,0,,,,16000557.0,560202193.26
Sector x Year,PETROLEUM,2016,6,6,5,83.33,20.67,22.5,0,0,,,,331.0,80000676.0
Sector x Year,PETROLEUM,2017,16,16,15,93.75,22.19,12.5,0,0,,,,950.0,224002059.0
Sector x Year,PETROLEUM,2018,25,25,22,88.0,16.8,14.0,0,0,,,,1049.0,384004677.0
Sector x Year,PETROLEUM,2019,13,13,8,61.54,19.92,1.0,0,0,,,,3319.0,144002028.0
Sector x Year,PETROLEUM,2020,28,28,25,89.29,19.75,11.0,0,0,,,,1970.0,400005516.0
Sector x Year,PETROLEUM,2021,18,18,17,94.44,21.5,16.5,0,0,,,,32001869.0,256004582.58
Sector x Year,PETROLEUM,2022,35,35,33,94.29,19.77,15.0,0,0,,,,32004478.0,424010452.0
Sector x Year,PETROLEUM,2023,31,30,28,93.33,27.3,24.0,0,0,,,,16004814.0,448008690.1
Sector x Year,PETROLEUM,2024,44,44,26,59.09,-1.2,18.0,0,0,,,,5341.0,608016514.0
Sector x Year,PORTS,2017,1,1,1,100.0,26.0,26.0,0,0,,,,9.0,56.0
Sector x Year,POWER,2010,5,5,1,20.0,5.6,-1.0,0,0,,,,313.0,414200568.0
Sector x Year,POWER,2011,15,15,12,80.0,9.93,8.0,0,0,,,,2721.0,534201252.0
Sector x Year,POWER,2012,14,14,12,85.71,19.64,16.0,0,0,,,,360200917.0,864402628.56
Sector x Year,POWER,2013,9,9,6,66.67,13.33,11.0,0,0,,,,18004239.33,72001221.78
Sector x Year,POWER,2014,18,18,18,100.0,25.94,20.0,0,0,,,,1231.26,774302349.0
Sector x Year,POWER,2015,20,20,18,90.0,15.6,9.0,0,0,,,,800.0,394105328.0
Sector x Year,POWER,2016,21,21,21,100.0,33.81,29.0,0,0,,,,1010.0,288001746.0
Sector x Year,POWER,2017,16,16,12,75.0,27.06,24.5,0,0,,,,4198.0,200101183.0
Sector x Year,POWER,2018,29,29,24,82.76,35.0,26.0,0,0,,,,1504.0,366003706.0
Sector x Year,POWER,2019,27,27,23,85.19,22.59,9.0,0,0,,,,3094.0,432005299.0
Sector x Year,POWER,2020,14,14,14,100.0,39.43,38.0,0,0,,,,1231.0,522202353.0
Sector x Year,POWER,2021,21,21,21,100.0,46.38,42.0,0,0,,,,1299.0,396105133.0
Sector x Year,POWER,2022,20,20,19,95.0,34.45,22.5,0,0,,,,1555.0,252003622.0
Sector x Year,POWER,2023,13,13,13,100.0,31.38,22.0,0,0,,,,953.0,144004588.0
Sector x Year,POWER,2024,7,7,6,85.71,34.29,7.0,0,0,,,,1500.0,90001579.0
Sector x Year,RAILWAYS,2010,2,1,1,100.0,56.0,56.0,0,0,,,,117.0,440200594.0
Sector x Year,RAILWAYS,2011,17,12,12,100.0,68.67,36.0,0,0,,,,1066.0,3543603392.0
Sector x Year,RAILWAYS,2012,11,10,10,100.0,54.5,43.0,0,0,,,,304.0,2002902031.0
Sector x Year,RAILWAYS,2013,13,13,9,69.23,33.15,20.0,0,0,,,,2097.41,572202697.0
Sector x Year,RAILWAYS,2014,3,1,1,100.0,144.0,144.0,0,0,,,,164.0,242100298.0
Sector x Year,RAILWAYS,2015,3,2,0,0.0,-0.5,-0.5,0,0,,,,2141.0,44000308.0
Sector x Year,RAILWAYS,2016,7,5,5,100.0,77.6,88.0,0,0,,,,292.0,1540702095.0
Sector x Year,RAILWAYS,2018,28,19,19,100.0,92.95,84.0,0,0,,,,1338.0,2597005357.0
Sector x Year,RAILWAYS,2019,29,26,24,92.31,81.19,87.0,0,0,,,,2798.0,3983704510.0
Sector x Year,RAILWAYS,2022,49,47,47,100.0,63.26,36.0,0,0,,,,7987.0,3257211250.07
Sector x Year,RAILWAYS,2023,18,17,16,94.12,52.94,36.0,0,0,,,,1727.0,286004527.0
Sector x Year,RAILWAYS,2024,17,14,14,100.0,78.79,48.0,0,0,,,,827.0,1430602537.48
Sector x Year,ROAD TRANSPORT & HIGHWAYS,2010,4,4,4,100.0,18.25,20.5,0,0,,,,292.0,24001071.0
Sector x Year,ROAD TRANSPORT & HIGHWAYS,2011,26,26,26,100.0,45.88,43.5,0,0,,,,1220.0,72005764.05
Sector x Year,ROAD TRANSPORT & HIGHWAYS,2012,27,26,26,100.0,36.46,39.5,0,0,,,,1164.0,2833171047.22
Sector x Year,ROAD TRANSPORT & HIGHWAYS,2013,9,8,8,100.0,57.25,53.0,0,0,,,,499.0,552209569.32
Sector x Year,ROAD TRANSPORT AND HIGHWAYS,2013,2,2,2,100.0,54.5,54.5,0,0,,,,26.0,24000308.0
Sector x Year,ROAD TRANSPORT AND HIGHWAYS,2014,2,2,1,50.0,37.0,37.0,0,0,,,,20.0,100.0
Sector x Year,ROAD TRANSPORT AND HIGHWAYS,2015,3,3,3,100.0,22.33,28.0,0,0,,,,125.0,48000276.0
Sector x Year,ROAD TRANSPORT AND HIGHWAYS,2016,29,27,27,100.0,63.15,54.0,0,0,,,,842.0,1392427887.0
Sector x Year,ROAD TRANSPORT AND HIGHWAYS,2017,6,6,6,100.0,55.33,45.0,0,0,,,,526.0,504212777.0
Sector x Year,ROAD TRANSPORT AND HIGHWAYS,2018,5,5,5,100.0,38.8,53.0,0,0,,,,245.0,120000921.0
Sector x Year,ROAD TRANSPORT AND HIGHWAYS,2019,25,25,24,96.0,32.68,22.0,0,0,,,,1827.0,432006284.0
Sector x Year,ROAD TRANSPORT AND HIGHWAYS,2020,19,19,19,100.0,48.21,48.0,0,0,,,,643.0,72004744.34
Sector x Year,ROAD TRANSPORT AND HIGHWAYS,2021,28,25,25,100.0,47.92,44.0,0,0,,,,1029.0,168005864.99
Sector x Year,ROAD TRANSPORT AND HIGHWAYS,2022,49,37,36,97.3,88.35,64.0,0,0,,,,7290.0,600016928.93
Sector x Year,ROAD TRANSPORT AND HIGHWAYS,2023,68,64,61,95.31,51.95,50.5,0,0,,,,7971.0,576019854.08
Sector x Year,ROAD TRANSPORT AND HIGHWAYS,2024,68,66,65,98.48,42.98,42.0,0,0,,,,10316.0,724027637.81
Sector x Year,SHIPPING,2010,1,1,1,100.0,1.0,1.0,0,0,,,,77.0,2.0
Sector x Year,SHIPPING,2011,5,5,4,80.0,23.8,12.0,0,0,,,,247.0,25940025.0
Sector x Year,SHIPPING,2012,4,4,4,100.0,21.5,5.0,0,0,,,,152.0,250100128.0
Sector x Year,SHIPPING,2013,4,4,2,50.0,25.25,10.0,0,0,,,,175.0,41000182.0
Sector x Year,SHIPPING,2014,1,1,1,100.0,31.0,31.0,0,0,,,,26.0,25000048.0
Sector x Year,SHIPPING,2015,8,8,8,100.0,44.5,26.5,0,0,,,,295.0,50013195.0
Sector x Year,SHIPPING,2018,3,3,3,100.0,40.0,11.0,0,0,,,,186.0,75000199.0
Sector x Year,STEEL,2010,2,2,2,100.0,11.0,11.0,0,0,,,,11.0,24000037.0
Sector x Year,STEEL,2011,4,3,2,66.67,8.33,9.0,0,0,,,,347.0,24000801.0
Sector x Year,STEEL,2012,3,2,2,100.0,19.5,19.5,0,0,,,,72.0,12000756.0
Sector x Year,STEEL,2014,3,3,3,100.0,44.0,36.0,0,0,,,,145.0,12000059.0
Sector x Year,STEEL,2015,6,6,6,100.0,46.83,45.0,0,0,,,,128.0,48000270.0
Sector x Year,STEEL,2016,8,8,8,100.0,21.62,17.5,0,0,,,,442.0,48000381.2
Sector x Year,STEEL,2017,2,2,2,100.0,20.0,20.0,0,0,,,,55.0,12000093.0
Sector x Year,STEEL,2018,5,5,5,100.0,27.0,20.0,0,0,,,,12000226.0,48000573.19
Sector x Year,STEEL,2020,2,2,2,100.0,32.0,32.0,0,0,,,,12000147.0,28003215.3
Sector x Year,STEEL,2021,7,7,7,100.0,41.0,38.0,0,0,,,,568.0,100000770.0
Sector x Year,STEEL,2022,1,1,1,100.0,40.0,40.0,0,0,,,,180.0,12000116.0
Sector x Year,STEEL,2023,2,2,2,100.0,71.5,71.5,0,0,,,,337.0,24000204.0
Sector x Year,TELECOMMUNICATIONS,2010,4,4,4,100.0,47.5,22.5,0,0,,,,136.0,236101537.0
Sector x Year,TELECOMMUNICATIONS,2011,13,13,13,100.0,28.92,27.0,0,0,,,,669.0,885311310.0
Sector x Year,TELECOMMUNICATIONS,2012,26,26,26,100.0,31.65,30.0,0,0,,,,1460.0,640971471.5
Sector x Year,TELECOMMUNICATIONS,2014,2,2,2,100.0,59.0,59.0,0,0,,,,264.38,26000110.0
Sector x Year,TELECOMMUNICATIONS,2015,7,7,7,100.0,66.29,69.0,0,0,,,,160.0,54707537.0
Sector x Year,TELECOMMUNICATIONS,2016,1,1,1,100.0,65.0,65.0,0,0,,,,51.0,26000096.0
Sector x Year,TELECOMMUNICATIONS,2017,2,2,2,100.0,15.0,15.0,0,0,,,,157.0,4.0
Sector x Year,TELECOMMUNICATIONS,2018,1,1,1,100.0,2.0,2.0,0,0,,,,66.0,26000112.0
Sector x Year,TELECOMMUNICATIONS,2019,4,4,4,100.0,10.5,10.5,0,0,,,,363.0,104000435.0
Sector x Year,TELECOMMUNICATIONS,2020,1,1,1,100.0,22.0,22.0,0,0,,,,142.0,26000110.0
Sector x Year,UNKNOWN,2009,4,4,0,0.0,-151.5,-199.0,3,2,66.67,5.79,11.59,5215.66,13588.81
Sector x Year,UNKNOWN,2010,2,2,0,0.0,-191.0,-191.0,2,0,0.0,-57.7,-57.7,1879.99,714.41
Sector x Year,UNKNOWN,2011,1,1,0,0.0,-178.0,-178.0,1,1,100.0,18.42,18.42,861.23,940.44
Sector x Year,UNKNOWN,2012,1,1,0,0.0,-26.0,-26.0,1,1,100.0,0.58,0.58,449.85,2.8
Sector x Year,UNKNOWN,2013,3,3,0,0.0,-151.0,-149.0,3,1,33.33,-58.32,-81.51,4304.72,2508.04
Sector x Year,UNKNOWN,2014,1,1,0,0.0,-142.0,-142.0,1,0,0.0,-1.0,-1.0,639.3,579.23
Sector x Year,UNKNOWN,2015,2,2,0,0.0,-51.5,-51.5,1,1,100.0,8.17,8.17,638.45,596.16
Sector x Year,UNKNOWN,2016,1,1,0,0.0,0.0,0.0,0,0,,,,404.0,190.0
Sector x Year,UNKNOWN,2017,1,1,0,0.0,0.0,0.0,0,0,,,,1059.73,928.19
Sector x Year,UNKNOWN,2018,2,2,0,0.0,-47.0,-47.0,1,0,0.0,-74.5,-74.5,1682.6,525.17
Sector x Year,UNKNOWN,2019,30,30,0,0.0,-24.07,0.0,4,3,75.0,3.39,7.31,13514.06,11618.45
Sector x Year,UNKNOWN,2020,19,19,0,0.0,-25.16,0.0,5,4,80.0,22.43,19.11,18854.62,11620.12
Sector x Year,UNKNOWN,2021,18,18,0,0.0,-23.0,0.0,8,7,87.5,37.84,17.55,30298.57,29777.4
Sector x Year,UNKNOWN,2022,28,28,0,0.0,-12.79,0.0,9,7,77.78,18.46,8.84,63379.78,87969.96
Sector x Year,UNKNOWN,2023,40,40,0,0.0,-14.52,-19.0,19,13,68.42,19.56,8.24,32560.35,29743.21
Sector x Year,UNKNOWN,2024,60,60,2,3.33,-10.83,-12.0,29,15,51.72,7.68,0.82,98115.74,94467.04
Sector x Year,UNKNOWN,2025,77,77,29,37.66,6.48,0.0,36,20,55.56,21.63,1.36,74440.78,71485.88
Sector x Year,UNKNOWN,2026,52,51,39,76.47,15.49,12.0,33,14,42.42,12.07,0.0,117715.78,117090.96
Sector x Year,UNKNOWN,2027,1,1,0,0.0,0.0,0.0,0,0,,,,2401.07,1626.71
Sector x Year,UNKNOWN,2029,1,1,0,0.0,0.0,0.0,0,0,,,,169.0,71.0
Sector x Year,UNKNOWN,2030,1,1,0,0.0,0.0,0.0,0,0,,,,1751.0,301.39
Sector x Year,UNKNOWN,2031,1,1,0,0.0,0.0,0.0,0,0,,,,5830.2,875.27
Sector x Year,URBAN DEVELOPMENT,2011,1,1,1,100.0,14.0,14.0,0,0,,,,35.0,280100002.0
Sector x Year,URBAN DEVELOPMENT,2015,1,1,1,100.0,71.0,71.0,0,0,,,,72.0,28000048.0
Sector x Year,URBAN DEVELOPMENT,2016,4,4,4,100.0,38.75,33.5,0,0,,,,171.0,112000259.0
Sector x Year,URBAN DEVELOPMENT,2017,1,1,1,100.0,44.0,44.0,0,0,,,,87.0,28000069.0
Sector x Year,URBAN DEVELOPMENT,2018,5,5,4,80.0,35.8,33.0,0,0,,,,262.0,84001088.0
Sector x Year,URBAN DEVELOPMENT,2019,6,6,6,100.0,27.83,31.0,0,0,,,,658.0,120000385.0
Sector x Year,URBAN DEVELOPMENT,2020,3,3,3,100.0,61.0,50.0,0,0,,,,402.0,48000191.0
Sector x Year,URBAN DEVELOPMENT,2021,5,4,4,100.0,56.75,59.0,0,0,,,,223.0,80000375.0
Sector x Year,URBAN DEVELOPMENT,2022,5,5,5,100.0,25.6,26.0,0,0,,,,955.0,112000791.0
Sector x Year,URBAN DEVELOPMENT,2023,1,1,1,100.0,24.0,24.0,0,0,,,,180.0,28000110.0
Sector x Year,URBAN DEVELOPMENT,2024,1,1,1,100.0,72.0,72.0,0,0,,,,20.0,28000085.0
Sector x Year,WATER RESOURCES,2020,1,1,1,100.0,6.0,6.0,0,0,,,,182.0,30000005.0
Sector x Year,WATER RESOURCES,2021,2,2,2,100.0,18.0,18.0,0,0,,,,16.0,60000006.0
Sector x Year,WATER RESOURCES,2022,6,6,6,100.0,19.67,23.0,0,0,,,,1142.0,158000100.0
Agency Lifetime,2G,All Years (2011-2025),22,22,22,100.0,36.23,32.5,0,0,,,,1212.0,37263405.0
Agency Lifetime,4L,All Years (2011-2025),4,4,4,100.0,80.5,81.5,0,0,,,,306.0,279.0
Agency Lifetime,61,All Years (2011-2025),3,3,3,100.0,46.33,40.0,0,0,,,,321.0,910.0
Agency Lifetime,AIRPORT AUTHORITY OF INDIA LIMITED,All Years (2011-2025),5,5,5,100.0,20.2,26.0,0,0,,,,159.0,12000178.0
Agency Lifetime,ANNUITY,All Years (2011-2025),12,12,12,100.0,78.83,98.0,0,0,,,,1293.0,120001236.25
Agency Lifetime,"BHARAT 
PETROLEUM CORPORATION LIMITED",All Years (2011-2025),12,12,4,33.33,-37.58,-54.0,0,0,,,,16002102.0,160004262.0
Agency Lifetime,"BHARAT 
SANCHAR NIGAM LIMITED",All Years (2011-2025),4,4,4,100.0,59.0,60.0,0,0,,,,131.0,338100278.0
Agency Lifetime,"BHARAT PETROLEUM 
CORPORATION LIMITED",All Years (2011-2025),6,6,4,66.67,6.0,4.0,0,0,,,,416.0,96001316.0
Agency Lifetime,"BHARAT PETROLEUM CORPORATION 
LIMITED",All Years (2011-2025),3,3,3,100.0,14.67,11.0,0,0,,,,122.0,48000322.0
Agency Lifetime,BHARAT PETROLEUM CORPORATION LIMITED,All Years (2011-2025),16,16,8,50.0,-8.75,1.5,0,0,,,,48002612.0,192004669.84
Agency Lifetime,"BHARAT SANCHAR 
NIGAM LIMITED",All Years (2011-2025),7,7,7,100.0,25.71,24.0,0,0,,,,413.0,104218497.0
Agency Lifetime,"BHARAT SANCHAR NIGAM 
LIMITED",All Years (2011-2025),3,3,3,100.0,36.67,41.0,0,0,,,,129.0,312100270.0
Agency Lifetime,BHARAT SANCHAR NIGAM LIMITED,All Years (2011-2025),4,4,4,100.0,49.25,47.0,0,0,,,,139.0,26000751.0
Agency Lifetime,BOT,All Years (2011-2025),48,48,48,100.0,70.04,65.5,0,0,,,,5533.0,624006854.6
Agency Lifetime,Bharat Petroleum Corporation Limited [BPCL],All Years (2011-2025),3,3,2,66.67,5.33,7.0,3,1,33.33,-16.58,-15.31,1703.76,1061.92
Agency Lifetime,"CENTRAL 
PUBLIC WORKS DEPARTMENT",All Years (2011-2025),3,3,2,66.67,19.67,16.0,0,0,,,,323.0,56001215.0
Agency Lifetime,"CENTRAL PUBLIC 
WORKS DEPARTMENT",All Years (2011-2025),6,6,6,100.0,37.17,36.0,0,0,,,,492.0,84000340.0
Agency Lifetime,"CENTRAL PUBLIC WORKS 
DEPARTMENT",All Years (2011-2025),8,8,8,100.0,51.75,43.5,0,0,,,,613.0,196000554.0
Agency Lifetime,CENTRAL PUBLIC WORKS DEPARTMENT,All Years (2011-2025),6,6,6,100.0,28.83,25.0,0,0,,,,678.0,140000858.0
Agency Lifetime,CENTRAL RAILWAYS,All Years (2011-2025),3,1,1,100.0,36.0,36.0,0,0,,,,349.0,44000420.0
Agency Lifetime,CGD,All Years (2011-2025),6,6,4,66.67,8.0,18.0,0,0,,,,16000225.0,80001585.0
Agency Lifetime,CHENNAI PETROLEUM CORPORATION LIMITED,All Years (2011-2025),6,6,6,100.0,22.5,18.0,0,0,,,,545.0,96001179.0
Agency Lifetime,CONTAINER CORPORATION OF INDIA,All Years (2011-2025),6,6,6,100.0,42.0,42.0,0,0,,,,1312.0,132002539.0
Agency Lifetime,CPWD OF HIGHER EDUCATION,All Years (2011-2025),3,3,3,100.0,94.67,100.0,0,0,,,,358.0,84000260.0
Agency Lifetime,DL,All Years (2011-2025),9,8,7,87.5,58.88,37.5,0,0,,,,721.0,1166501463.0
Agency Lifetime,EAST CENTRAL RAILWAYS,All Years (2011-2025),4,3,3,100.0,51.0,49.0,0,0,,,,609.0,242100756.0
Agency Lifetime,EAST COAST RAILWAY,All Years (2011-2025),4,3,3,100.0,39.0,37.0,0,0,,,,448.0,66000727.0
Agency Lifetime,EASTERN RAILWAYS,All Years (2011-2025),12,10,9,90.0,43.6,36.0,0,0,,,,1152.0,154001313.0
Agency Lifetime,Employee's State Insurance Company [ESIC],All Years (2011-2025),6,6,4,66.67,5.5,11.5,3,3,100.0,16.54,15.73,1276.97,1165.82
Agency Lifetime,"GAS 
AUTHORITY OF INDIA LIMITED",All Years (2011-2025),3,3,3,100.0,21.67,16.0,0,0,,,,148.0,48000451.0
Agency Lifetime,GAS AUTHORITY OF INDIA LIMITED,All Years (2011-2025),17,16,16,100.0,20.38,19.0,0,0,,,,1354.0,272003334.0
Agency Lifetime,GC,All Years (2011-2025),22,19,19,100.0,83.42,96.0,0,0,,,,1442.0,4446004716.0
Agency Lifetime,GQ,All Years (2011-2025),6,6,6,100.0,86.5,83.5,0,0,,,,490.0,1044.66
Agency Lifetime,"HINDUSTAN PETROLEUM 
CORPORATION LIMITED",All Years (2011-2025),4,4,3,75.0,5.25,6.0,0,0,,,,238.0,64000985.0
Agency Lifetime,HINDUSTAN PETROLEUM CORPORATION LIMITED,All Years (2011-2025),19,18,16,88.89,17.83,16.0,0,0,,,,2080.0,224004323.72
Agency Lifetime,"HINDUSTAN STEELWORK 
CONSTRUCTION LIMITED",All Years (2011-2025),3,3,3,100.0,66.33,63.0,0,0,,,,120.0,36000314.0
Agency Lifetime,"HOSPITAL SERVICES CONSULTANCY 
CORPORATION LTD",All Years (2011-2025),4,0,0,,,,0,0,,,,202.0,84000086.0
Agency Lifetime,HOSPITAL SERVICES CONSULTANCY CORPORATION LTD,All Years (2011-2025),13,12,12,100.0,62.42,62.0,0,0,,,,567.0,273000158.0
Agency Lifetime,HPCL,All Years (2011-2025),4,4,1,25.0,12.25,0.0,0,0,,,,8040.2,160101729.1
Agency Lifetime,Hindustan Petroleum Corporation Limited,All Years (2011-2025),4,4,0,0.0,-30.0,-34.5,4,0,0.0,0.0,0.0,4438.0,929.65
Agency Lifetime,Hybrid Annuity,All Years (2011-2025),3,3,3,100.0,19.33,15.0,0,0,,,,680.0,24001505.0
Agency Lifetime,Hybrid Annuity Mode,All Years (2011-2025),3,3,3,100.0,18.67,13.0,0,0,,,,361.0,24001858.6
Agency Lifetime,"INDIAN 
OIL CORPORATION LIMITED",All Years (2011-2025),4,4,4,100.0,10.5,9.5,0,0,,,,330.0,64000383.0
Agency Lifetime,"INDIAN OIL 
CORPORATION LIMITED",All Years (2011-2025),20,20,18,90.0,16.35,20.0,0,0,,,,2184.0,416105062.0
Agency Lifetime,"INDIAN OIL CORPORATION 
LIMITED",All Years (2011-2025),6,6,3,50.0,-12.33,-20.5,0,0,,,,663.0,80003412.0
Agency Lifetime,INDIAN OIL CORPORATION LIMITED,All Years (2011-2025),66,64,54,84.38,11.48,15.0,0,0,,,,32007583.0,1120116551.1
Agency Lifetime,INDIAN STRATEGIC PETROLEUM RESERVES LTD,All Years (2011-2025),3,3,3,100.0,73.0,65.0,0,0,,,,155.0,48000449.0
Agency Lifetime,IOCL,All Years (2011-2025),4,4,1,25.0,4.75,0.0,0,0,,,,1045.3,160101102.72
Agency Lifetime,Indian Oil Corporation Limited [IOCL],All Years (2011-2025),3,3,1,33.33,-1.33,-9.0,3,1,33.33,2.45,0.0,1648.0,1311.03
Agency Lifetime,LD,All Years (2011-2025),6,5,5,100.0,108.2,109.0,0,0,,,,269.0,924401073.0
Agency Lifetime,LOT 1,All Years (2011-2025),3,3,3,100.0,10.33,10.0,0,0,,,,256.0,78000327.0
Agency Lifetime,MAHANAGAR TELEPHONE NIGAM LIMITED,All Years (2011-2025),4,4,4,100.0,37.75,34.0,0,0,,,,328.38,261107135.0
Agency Lifetime,MANGALORE REFINERY AND PETROCHEMICALS LIMITED,All Years (2011-2025),4,4,4,100.0,26.5,28.0,0,0,,,,378.0,64000651.0
Agency Lifetime,METROPOLITAN RAPID TRANSPORT PROJECTS,All Years (2011-2025),3,3,3,100.0,56.67,71.0,0,0,,,,289.0,50000113.0
Agency Lifetime,"MINISTRY 
OF ROAD TRANSPORT AND HIGHWAYS (STATE PWDs",All Years (2011-2025),20,20,20,100.0,46.3,45.5,0,0,,,,2211.0,96004425.0
Agency Lifetime,"MINISTRY OF 
ROAD TRANSPORT AND HIGHWAYS (STATE PWDs",All Years (2011-2025),42,41,41,100.0,43.02,39.0,0,0,,,,5167.0,192011209.24
Agency Lifetime,"MINISTRY OF ROAD 
TRANSPORT AND HIGHWAYS (STATE PWDs",All Years (2011-2025),17,17,16,94.12,47.0,42.0,0,0,,,,2034.0,72002532.88
Agency Lifetime,"MINISTRY OF ROAD TRANSPORT AND 
HIGHWAYS (STATE PWDs",All Years (2011-2025),4,4,4,100.0,56.0,54.5,0,0,,,,352.0,183.0
Agency Lifetime,"MINISTRY OF ROAD TRANSPORT AND HIGHWAYS (STATE 
PWDs",All Years (2011-2025),14,14,14,100.0,67.5,56.5,0,0,,,,914.0,144003016.8
Agency Lifetime,MINISTRY OF ROAD TRANSPORT AND HIGHWAYS (STATE PWDs,All Years (2011-2025),95,94,94,100.0,51.68,51.0,0,0,,,,17100.0,1728077588.63
Agency Lifetime,Ministry of Housing & Urban Affairs,All Years (2011-2025),8,8,8,100.0,36.25,37.0,2,0,0.0,-1.22,-1.22,1831.56,1735.38
Agency Lifetime,Ministry of Petroleum & Natural Gas,All Years (2011-2025),7,7,5,71.43,14.29,24.0,7,4,57.14,34.06,5.24,11692.94,13589.38
Agency Lifetime,MoRTH,All Years (2011-2025),60,60,2,3.33,-13.0,0.0,4,2,50.0,11.79,1.98,18521.47,12014.49
Agency Lifetime,"NATIONAL 
FERTILISER LIMITED",All Years (2011-2025),3,3,3,100.0,24.33,28.0,0,0,,,,486.0,24000037.0
Agency Lifetime,"NATIONAL 
HIGHWAYS AND INFRASTRUCTURE DEVELOPMENT CORPORATION 
Ltd.",All Years (2011-2025),13,12,12,100.0,35.25,36.0,0,0,,,,1735.0,24001599.32
Agency Lifetime,"NATIONAL 
HIGHWAYS AUTHORITY OF INDIA",All Years (2011-2025),35,27,26,96.3,38.74,36.0,0,0,,,,4987.0,168005674.77
Agency Lifetime,NATIONAL FERTILISER LIMITED,All Years (2011-2025),4,4,2,50.0,5.25,2.0,0,0,,,,1616.63,24001148.0
Agency Lifetime,"NATIONAL HIGHWAYS 
AUTHORITY OF INDIA",All Years (2011-2025),23,22,22,100.0,34.86,31.5,0,0,,,,2703.0,576111691.5
Agency Lifetime,"NATIONAL HIGHWAYS AND INFRASTRUCTURE DEVELOPMENT 
CORPORATION Ltd.",All Years (2011-2025),27,27,22,81.48,20.74,16.0,0,0,,,,4107.0,360018534.76
Agency Lifetime,"NATIONAL HIGHWAYS AUTHORITY 
OF INDIA",All Years (2011-2025),9,9,9,100.0,22.67,22.0,0,0,,,,991.0,408108555.0
Agency Lifetime,"NATIONAL HIGHWAYS AUTHORITY OF 
INDIA",All Years (2011-2025),9,8,8,100.0,41.0,40.0,0,0,,,,778.0,336108051.66
Agency Lifetime,NATIONAL HIGHWAYS AUTHORITY OF INDIA,All Years (2011-2025),121,101,100,99.01,43.22,36.0,0,0,,,,13054.7,2328251228.79
Agency Lifetime,NATIONAL HYDRO-ELECTRIC POWER CORPORATION,All Years (2011-2025),3,3,2,66.67,25.0,37.0,0,0,,,,1322.27,60.0
Agency Lifetime,"NATIONAL THERMAL POWER 
CORPORATION",All Years (2011-2025),3,3,3,100.0,10.33,10.0,0,0,,,,181.0,54000059.0
Agency Lifetime,NATIONAL THERMAL POWER CORPORATION,All Years (2011-2025),21,21,20,95.24,23.95,16.0,0,0,,,,1300.0,180003777.0
Agency Lifetime,NEAR BIKANER,All Years (2011-2025),4,4,4,100.0,21.75,22.0,0,0,,,,560.0,96006325.0
Agency Lifetime,NEAR CHAUTALA,All Years (2011-2025),6,6,6,100.0,14.83,17.0,0,0,,,,907.0,144009469.0
Agency Lifetime,NEAR DHANDHANIYA,All Years (2011-2025),3,3,3,100.0,14.33,15.0,0,0,,,,526.0,72004762.0
Agency Lifetime,NEW NH-52,All Years (2011-2025),3,1,1,100.0,58.0,58.0,0,0,,,,133.0,24000393.0
Agency Lifetime,NEYVELI LIGNITE CORPORATION,All Years (2011-2025),3,3,3,100.0,32.67,41.0,0,0,,,,109.0,6001710.0
Agency Lifetime,NH-4,All Years (2011-2025),3,2,1,50.0,58.0,58.0,0,0,,,,212.0,48000358.0
Agency Lifetime,NHAI,All Years (2011-2025),108,108,16,14.81,-18.72,-12.5,73,45,61.64,3.68,2.9,107226.58,1248620607.58
Agency Lifetime,NHIDCL,All Years (2011-2025),21,21,1,4.76,-12.86,-4.0,3,2,66.67,5.72,8.84,10509.46,7059.87
Agency Lifetime,NHPC,All Years (2011-2025),5,5,5,100.0,47.6,43.0,0,0,,,,148.0,900501184.0
Agency Lifetime,NL,All Years (2011-2025),26,22,21,95.45,82.64,87.0,0,0,,,,39073.0,5304448034.83
Agency Lifetime,NLC India Limited [NLCIL],All Years (2011-2025),3,3,3,100.0,31.0,16.0,2,1,50.0,13.18,13.18,19268.83,23210.44
Agency Lifetime,NMDC,All Years (2011-2025),3,3,3,100.0,39.33,37.0,0,0,,,,96.0,19.2
Agency Lifetime,NORTH EAST FRONTIER RAILWAY,All Years (2011-2025),14,10,8,80.0,58.1,50.0,0,0,,,,1158.0,704203387.0
Agency Lifetime,NORTH EASTERN RAILWAY,All Years (2011-2025),7,7,7,100.0,70.57,26.0,0,0,,,,665.0,110001631.0
Agency Lifetime,NORTH WESTERN RAILWAY,All Years (2011-2025),8,6,6,100.0,26.83,27.5,0,0,,,,883.0,550201332.0
Agency Lifetime,NORTHERN RAILWAY,All Years (2011-2025),7,5,5,100.0,113.4,84.0,0,0,,,,733.0,154001802.0
Agency Lifetime,NS CORR.PH-II,All Years (2011-2025),5,5,5,100.0,19.4,18.0,0,0,,,,425.0,1302.8
Agency Lifetime,NTPC,All Years (2011-2025),4,4,2,50.0,26.5,16.0,0,0,,,,3044.73,360202949.3
Agency Lifetime,National Highways Authority of India [NHAI],All Years (2011-2025),11,11,0,0.0,-56.0,-53.0,11,7,63.64,7.6,19.11,13321.3,7203.43
Agency Lifetime,"OIL & 
NATURAL GAS CORPORATION LIMITED",All Years (2011-2025),3,3,3,100.0,28.33,28.0,0,0,,,,158.0,48000104.0
Agency Lifetime,"OIL & NATURAL GAS 
CORPORATION LIMITED",All Years (2011-2025),7,7,7,100.0,53.0,23.0,0,0,,,,650.0,112001142.0
Agency Lifetime,OIL & NATURAL GAS CORPORATION LIMITED,All Years (2011-2025),43,43,39,90.7,26.93,25.0,0,0,,,,4282.79,736105427.0
Agency Lifetime,OIL INDIA LIMITED,All Years (2011-2025),10,10,10,100.0,33.5,32.5,0,0,,,,727.0,68002155.0
Agency Lifetime,ONGCL,All Years (2011-2025),4,4,4,100.0,94.0,90.0,0,0,,,,190.0,640400877.0
Agency Lifetime,PAIMANA,All Years (2011-2025),8,8,1,12.5,-61.25,-20.0,7,5,71.43,22.35,32.08,6777.34,6482.25
Agency Lifetime,PART-A,All Years (2011-2025),3,3,1,33.33,14.0,-4.0,0,0,,,,86.0,54000427.0
Agency Lifetime,PGCIL,All Years (2011-2025),7,7,4,57.14,39.0,2.0,0,0,,,,982.18,378201061.35
Agency Lifetime,PHASE-I,All Years (2011-2025),3,3,2,66.67,3.0,2.0,0,0,,,,459.0,34000708.0
Agency Lifetime,PKG-1,All Years (2011-2025),3,3,2,66.67,21.67,6.0,0,0,,,,693.02,24000737.68
Agency Lifetime,PKG-I,All Years (2011-2025),7,7,6,85.71,28.86,33.0,0,0,,,,1581.95,96002136.59
Agency Lifetime,PKG-II,All Years (2011-2025),4,4,4,100.0,42.5,40.5,0,0,,,,724.0,72002226.0
Agency Lifetime,PORT TRUST,All Years (2011-2025),6,6,6,100.0,45.83,48.0,0,0,,,,258.0,100670127.0
Agency Lifetime,"POWER 
GRID CORPORATION OF INDIA LIMITED",All Years (2011-2025),19,19,15,78.95,14.79,11.0,0,0,,,,180103265.0,450102301.0
Agency Lifetime,"POWER GRID 
CORPORATION OF INDIA LIMITED",All Years (2011-2025),23,23,21,91.3,21.74,23.0,0,0,,,,3350.0,360002611.0
Agency Lifetime,"POWER GRID CORPORATION OF 
INDIA LIMITED",All Years (2011-2025),11,11,9,81.82,26.82,21.0,0,0,,,,648.0,144001847.0
Agency Lifetime,"POWER GRID CORPORATION OF INDIA 
LIMITED",All Years (2011-2025),9,9,8,88.89,25.44,31.0,0,0,,,,479.0,108003182.0
Agency Lifetime,POWER GRID CORPORATION OF INDIA LIMITED,All Years (2011-2025),80,80,66,82.5,22.12,13.0,0,0,,,,18010593.32,1636212102.78
Agency Lifetime,Power Grid Corporation of India Limited [POWERGRID],All Years (2011-2025),18,18,13,72.22,4.78,9.5,3,1,33.33,11.02,-0.02,24038.14,24564.62
Agency Lifetime,RAIL VIKAS NIGAM LTD.,All Years (2011-2025),14,13,12,92.31,53.62,48.0,0,0,,,,703.0,465103605.0
Agency Lifetime,RASTRIYA ISPAT NIGAM LIMITED,All Years (2011-2025),12,12,12,100.0,38.0,31.0,0,0,,,,734.0,96001052.0
Agency Lifetime,RVNL,All Years (2011-2025),4,4,2,50.0,42.75,19.0,1,1,100.0,174.17,174.17,2493.23,220102944.06
Agency Lifetime,Rs. Crore,All Years (2011-2025),12,11,11,100.0,23.18,25.0,0,0,,,,702.0,322101864.7
Agency Lifetime,Rs. crore,All Years (2011-2025),82,77,71,92.21,44.79,40.0,0,0,,,,9336.0,1057220710.26
Agency Lifetime,SATLUJ JAL VIDYUT NIGAM LIMITED,All Years (2011-2025),5,5,4,80.0,8.0,5.0,0,0,,,,1174.0,90001504.0
Agency Lifetime,SHIPPING CRP. OF INDIA,All Years (2011-2025),4,4,4,100.0,25.25,25.0,0,0,,,,213.0,75003204.0
Agency Lifetime,SHIPPING crp. of india,All Years (2011-2025),7,7,6,85.71,14.29,3.0,0,0,,,,327.0,250570134.0
Agency Lifetime,SINGARENI COLLIERS COMPANY LIMITTED,All Years (2011-2025),6,6,6,100.0,58.0,55.5,0,0,,,,690.0,36000701.0
Agency Lifetime,SOUTH CENTRAL RAILWAY,All Years (2011-2025),3,3,3,100.0,97.33,36.0,0,0,,,,130.0,264100792.0
Agency Lifetime,SOUTH EASTERN RAILWAY,All Years (2011-2025),4,4,4,100.0,55.5,49.5,0,0,,,,514.0,66000553.0
Agency Lifetime,SOUTH WESTERN RAILWAY,All Years (2011-2025),4,4,4,100.0,74.75,42.0,0,0,,,,204.0,66001111.0
Agency Lifetime,SOUTHERN RAILWAY,All Years (2011-2025),8,7,6,85.71,83.71,36.0,0,0,,,,714.0,154001239.0
Agency Lifetime,"STEEL AUTHORITY OF INDIA 
LIMITED (SAIL",All Years (2011-2025),4,4,4,100.0,19.0,16.0,0,0,,,,240.0,24000207.0
Agency Lifetime,"STEEL AUTHORITY OF INDIA LIMITED 
(SAIL",All Years (2011-2025),3,3,3,100.0,24.33,19.0,0,0,,,,138.0,36000252.0
Agency Lifetime,STEEL AUTHORITY OF INDIA LIMITED (SAIL,All Years (2011-2025),12,12,12,100.0,27.0,22.5,0,0,,,,24000807.0,84005308.49
Agency Lifetime,Uttar Pradesh Jal Nigam,All Years (2011-2025),5,5,5,100.0,17.2,19.0,0,0,,,,909.0,150000050.0
Agency Lifetime,WESTERN COAL FIELDS LIMITED,All Years (2011-2025),7,7,6,85.71,13.0,19.0,0,0,,,,862.0,36000737.5
Agency Lifetime,WESTERN RAILWAY,All Years (2011-2025),3,3,3,100.0,40.0,36.0,0,0,,,,336.0,22000695.0
Agency Lifetime,WR,All Years (2011-2025),6,6,3,50.0,76.33,24.0,3,0,0.0,0.0,0.0,2026.64,242103469.6
