sector,as_of_date,window,completed_count,delay_count,delay_rate_raw,mean_delay_months,median_delay_months,cost_obs_count,cost_overrun_count,cost_overrun_rate_raw,mean_cost_overrun_pct,median_cost_overrun_pct,max_source_date
ATOMIC ENERGY,2025-04,lifetime,1,1,1.0,22.0,22.0,0,0,,,,2013-02
ATOMIC ENERGY,2025-04,10y,0,0,,,,0,0,,,,
ATOMIC ENERGY,2025-04,5y,0,0,,,,0,0,,,,
ATOMIC ENERGY,2025-04,3y,0,0,,,,0,0,,,,
CENTRAL SECTOR,2025-04,lifetime,674,585,0.9543230016313213,44.35562805872757,40.0,0,0,,,,2024-04
CENTRAL SECTOR,2025-04,10y,609,523,0.9509090909090909,44.52909090909091,41.0,0,0,,,,2024-04
CENTRAL SECTOR,2025-04,5y,470,414,0.9517241379310345,41.95862068965517,40.0,0,0,,,,2024-04
CENTRAL SECTOR,2025-04,3y,340,292,0.9358974358974359,38.25,39.0,0,0,,,,2024-04
CIVIL AVIATION,2025-04,lifetime,12,12,1.0,40.416666666666664,33.0,0,0,,,,2022-11
CIVIL AVIATION,2025-04,10y,7,7,1.0,55.57142857142857,41.0,0,0,,,,2022-11
CIVIL AVIATION,2025-04,5y,2,2,1.0,88.5,88.5,0,0,,,,2022-11
CIVIL AVIATION,2025-04,3y,1,1,1.0,41.0,41.0,0,0,,,,2022-11
COAL,2025-04,lifetime,43,41,0.9534883720930233,41.46511627906977,33.0,0,0,,,,2024-04
COAL,2025-04,10y,36,34,0.9444444444444444,44.44444444444444,35.5,0,0,,,,2024-04
COAL,2025-04,5y,20,19,0.95,46.8,33.5,0,0,,,,2024-04
COAL,2025-04,3y,7,7,1.0,58.714285714285715,37.0,0,0,,,,2024-04
DEFENCE,2025-04,lifetime,1,1,1.0,50.0,50.0,0,0,,,,2024-04
DEFENCE,2025-04,10y,1,1,1.0,50.0,50.0,0,0,,,,2024-04
DEFENCE,2025-04,5y,1,1,1.0,50.0,50.0,0,0,,,,2024-04
DEFENCE,2025-04,3y,1,1,1.0,50.0,50.0,0,0,,,,2024-04
HEALTH AND FAMILY WELFARE,2025-04,lifetime,17,17,1.0,55.76470588235294,57.0,0,0,,,,2024-02
HEALTH AND FAMILY WELFARE,2025-04,10y,17,17,1.0,55.76470588235294,57.0,0,0,,,,2024-02
HEALTH AND FAMILY WELFARE,2025-04,5y,13,13,1.0,64.6923076923077,63.0,0,0,,,,2024-02
HEALTH AND FAMILY WELFARE,2025-04,3y,13,13,1.0,64.6923076923077,63.0,0,0,,,,2024-02
MINES,2025-04,lifetime,3,3,1.0,20.0,12.0,0,0,,,,2017-11
MINES,2025-04,10y,2,2,1.0,12.0,12.0,0,0,,,,2017-11
MINES,2025-04,5y,0,0,,,,0,0,,,,
MINES,2025-04,3y,0,0,,,,0,0,,,,
PETROLEUM,2025-04,lifetime,302,260,0.87248322147651,19.174496644295303,18.0,0,0,,,,2024-05
PETROLEUM,2025-04,10y,230,192,0.8384279475982532,17.1353711790393,17.0,0,0,,,,2024-05
PETROLEUM,2025-04,5y,146,120,0.8275862068965517,14.36551724137931,18.0,0,0,,,,2024-05
PETROLEUM,2025-04,3y,97,75,0.78125,12.697916666666666,20.0,0,0,,,,2024-05
PORTS,2025-04,lifetime,1,1,1.0,26.0,26.0,0,0,,,,2017-05
PORTS,2025-04,10y,1,1,1.0,26.0,26.0,0,0,,,,2017-05
PORTS,2025-04,5y,0,0,,,,0,0,,,,
PORTS,2025-04,3y,0,0,,,,0,0,,,,
POWER,2025-04,lifetime,249,220,0.8835341365461847,28.04016064257028,20.0,0,0,,,,2024-04
POWER,2025-04,10y,179,162,0.9050279329608939,32.42458100558659,25.0,0,0,,,,2024-04
POWER,2025-04,5y,64,62,0.96875,37.890625,28.0,0,0,,,,2024-04
POWER,2025-04,3y,35,33,0.9428571428571428,31.942857142857143,20.0,0,0,,,,2024-04
RAILWAYS,2025-04,lifetime,197,158,0.9461077844311377,67.30538922155688,48.0,0,0,,,,2024-04
RAILWAYS,2025-04,10y,148,125,0.9765625,72.1953125,48.0,0,0,,,,2024-04
RAILWAYS,2025-04,5y,84,77,0.9871794871794872,63.794871794871796,38.0,0,0,,,,2024-04
RAILWAYS,2025-04,3y,37,32,0.9696969696969697,61.96969696969697,43.0,0,0,,,,2024-04
ROAD TRANSPORT & HIGHWAYS,2025-04,lifetime,66,64,1.0,41.75,40.5,0,0,,,,2013-03
ROAD TRANSPORT & HIGHWAYS,2025-04,10y,0,0,,,,0,0,,,,
ROAD TRANSPORT & HIGHWAYS,2025-04,5y,0,0,,,,0,0,,,,
ROAD TRANSPORT & HIGHWAYS,2025-04,3y,0,0,,,,0,0,,,,
ROAD TRANSPORT AND HIGHWAYS,2025-04,lifetime,304,274,0.9750889679715302,52.8220640569395,48.0,0,0,,,,2024-04
ROAD TRANSPORT AND HIGHWAYS,2025-04,10y,298,269,0.9781818181818182,53.192727272727275,48.0,0,0,,,,2024-04
ROAD TRANSPORT AND HIGHWAYS,2025-04,5y,215,189,0.9742268041237113,54.95360824742268,49.5,0,0,,,,2024-04
ROAD TRANSPORT AND HIGHWAYS,2025-04,3y,163,144,0.972972972972973,51.1554054054054,49.0,0,0,,,,2024-04
SHIPPING,2025-04,lifetime,26,23,0.8846153846153846,31.307692307692307,14.0,0,0,,,,2018-03
SHIPPING,2025-04,10y,5,5,1.0,68.8,105.0,0,0,,,,2018-03
SHIPPING,2025-04,5y,0,0,,,,0,0,,,,
SHIPPING,2025-04,3y,0,0,,,,0,0,,,,
STEEL,2025-04,lifetime,45,42,0.9767441860465116,32.116279069767444,30.0,0,0,,,,2023-09
STEEL,2025-04,10y,33,33,1.0,35.24242424242424,35.0,0,0,,,,2023-09
STEEL,2025-04,5y,12,12,1.0,44.5,40.0,0,0,,,,2023-09
STEEL,2025-04,3y,2,2,1.0,71.5,71.5,0,0,,,,2023-09
TELECOMMUNICATIONS,2025-04,lifetime,61,61,1.0,34.950819672131146,29.0,0,0,,,,2020-03
TELECOMMUNICATIONS,2025-04,10y,10,10,1.0,23.7,11.0,0,0,,,,2020-03
TELECOMMUNICATIONS,2025-04,5y,0,0,,,,0,0,,,,
TELECOMMUNICATIONS,2025-04,3y,0,0,,,,0,0,,,,
UNKNOWN,2025-04,lifetime,234,3,0.01282051282051282,-22.55982905982906,-8.0,95,60,0.631578947368421,10.313403091503414,6.527370790334228,2025-03
UNKNOWN,2025-04,10y,222,3,0.013513513513513514,-15.72972972972973,-5.5,84,55,0.6547619047619048,14.699607885499022,8.041238477029045,2025-03
UNKNOWN,2025-04,5y,181,3,0.016574585635359115,-13.817679558011049,-8.0,77,50,0.6493506493506493,16.163770475787583,8.019882625676162,2025-03
UNKNOWN,2025-04,3y,143,3,0.02097902097902098,-11.020979020979022,-9.0,62,37,0.5967741935483871,12.793881628072043,6.1281946309302215,2025-03
URBAN DEVELOPMENT,2025-04,lifetime,33,31,0.96875,39.5,34.5,0,0,,,,2024-03
URBAN DEVELOPMENT,2025-04,10y,31,29,0.9666666666666667,39.3,34.5,0,0,,,,2024-03
URBAN DEVELOPMENT,2025-04,5y,13,12,1.0,41.75,32.0,0,0,,,,2024-03
URBAN DEVELOPMENT,2025-04,3y,3,3,1.0,40.666666666666664,26.0,0,0,,,,2024-03
WATER RESOURCES,2025-04,lifetime,9,9,1.0,17.77777777777778,19.0,0,0,,,,2022-03
WATER RESOURCES,2025-04,10y,9,9,1.0,17.77777777777778,19.0,0,0,,,,2022-03
WATER RESOURCES,2025-04,5y,8,8,1.0,19.25,20.5,0,0,,,,2022-03
WATER RESOURCES,2025-04,3y,0,0,,,,0,0,,,,
ATOMIC ENERGY,2025-05,lifetime,1,1,1.0,22.0,22.0,0,0,,,,2013-02
ATOMIC ENERGY,2025-05,10y,0,0,,,,0,0,,,,
ATOMIC ENERGY,2025-05,5y,0,0,,,,0,0,,,,
ATOMIC ENERGY,2025-05,3y,0,0,,,,0,0,,,,
CENTRAL SECTOR,2025-05,lifetime,674,585,0.9543230016313213,44.35562805872757,40.0,0,0,,,,2024-04
CENTRAL SECTOR,2025-05,10y,609,523,0.9509090909090909,44.52909090909091,41.0,0,0,,,,2024-04
CENTRAL SECTOR,2025-05,5y,470,414,0.9517241379310345,41.95862068965517,40.0,0,0,,,,2024-04
CENTRAL SECTOR,2025-05,3y,340,292,0.9358974358974359,38.25,39.0,0,0,,,,2024-04
CIVIL AVIATION,2025-05,lifetime,12,12,1.0,40.416666666666664,33.0,0,0,,,,2022-11
CIVIL AVIATION,2025-05,10y,7,7,1.0,55.57142857142857,41.0,0,0,,,,2022-11
CIVIL AVIATION,2025-05,5y,2,2,1.0,88.5,88.5,0,0,,,,2022-11
CIVIL AVIATION,2025-05,3y,1,1,1.0,41.0,41.0,0,0,,,,2022-11
COAL,2025-05,lifetime,43,41,0.9534883720930233,41.46511627906977,33.0,0,0,,,,2024-04
COAL,2025-05,10y,36,34,0.9444444444444444,44.44444444444444,35.5,0,0,,,,2024-04
COAL,2025-05,5y,20,19,0.95,46.8,33.5,0,0,,,,2024-04
COAL,2025-05,3y,7,7,1.0,58.714285714285715,37.0,0,0,,,,2024-04
DEFENCE,2025-05,lifetime,1,1,1.0,50.0,50.0,0,0,,,,2024-04
DEFENCE,2025-05,10y,1,1,1.0,50.0,50.0,0,0,,,,2024-04
DEFENCE,2025-05,5y,1,1,1.0,50.0,50.0,0,0,,,,2024-04
DEFENCE,2025-05,3y,1,1,1.0,50.0,50.0,0,0,,,,2024-04
HEALTH AND FAMILY WELFARE,2025-05,lifetime,17,17,1.0,55.76470588235294,57.0,0,0,,,,2024-02
HEALTH AND FAMILY WELFARE,2025-05,10y,17,17,1.0,55.76470588235294,57.0,0,0,,,,2024-02
HEALTH AND FAMILY WELFARE,2025-05,5y,13,13,1.0,64.6923076923077,63.0,0,0,,,,2024-02
HEALTH AND FAMILY WELFARE,2025-05,3y,13,13,1.0,64.6923076923077,63.0,0,0,,,,2024-02
MINES,2025-05,lifetime,3,3,1.0,20.0,12.0,0,0,,,,2017-11
MINES,2025-05,10y,2,2,1.0,12.0,12.0,0,0,,,,2017-11
MINES,2025-05,5y,0,0,,,,0,0,,,,
MINES,2025-05,3y,0,0,,,,0,0,,,,
PETROLEUM,2025-05,lifetime,302,260,0.87248322147651,19.174496644295303,18.0,0,0,,,,2024-05
PETROLEUM,2025-05,10y,229,192,0.8421052631578947,17.24561403508772,17.0,0,0,,,,2024-05
PETROLEUM,2025-05,5y,134,110,0.8270676691729323,14.80451127819549,18.0,0,0,,,,2024-05
PETROLEUM,2025-05,3y,88,67,0.7701149425287356,12.459770114942529,20.0,0,0,,,,2024-05
PORTS,2025-05,lifetime,1,1,1.0,26.0,26.0,0,0,,,,2017-05
PORTS,2025-05,10y,1,1,1.0,26.0,26.0,0,0,,,,2017-05
PORTS,2025-05,5y,0,0,,,,0,0,,,,
PORTS,2025-05,3y,0,0,,,,0,0,,,,
POWER,2025-05,lifetime,249,220,0.8835341365461847,28.04016064257028,20.0,0,0,,,,2024-04
POWER,2025-05,10y,179,162,0.9050279329608939,32.42458100558659,25.0,0,0,,,,2024-04
POWER,2025-05,5y,64,62,0.96875,37.890625,28.0,0,0,,,,2024-04
POWER,2025-05,3y,26,24,0.9230769230769231,32.73076923076923,20.5,0,0,,,,2024-04
RAILWAYS,2025-05,lifetime,197,158,0.9461077844311377,67.30538922155688,48.0,0,0,,,,2024-04
RAILWAYS,2025-05,10y,148,125,0.9765625,72.1953125,48.0,0,0,,,,2024-04
RAILWAYS,2025-05,5y,84,77,0.9871794871794872,63.794871794871796,38.0,0,0,,,,2024-04
RAILWAYS,2025-05,3y,37,32,0.9696969696969697,61.96969696969697,43.0,0,0,,,,2024-04
ROAD TRANSPORT & HIGHWAYS,2025-05,lifetime,66,64,1.0,41.75,40.5,0,0,,,,2013-03
ROAD TRANSPORT & HIGHWAYS,2025-05,10y,0,0,,,,0,0,,,,
ROAD TRANSPORT & HIGHWAYS,2025-05,5y,0,0,,,,0,0,,,,
ROAD TRANSPORT & HIGHWAYS,2025-05,3y,0,0,,,,0,0,,,,
ROAD TRANSPORT AND HIGHWAYS,2025-05,lifetime,304,274,0.9750889679715302,52.8220640569395,48.0,0,0,,,,2024-04
ROAD TRANSPORT AND HIGHWAYS,2025-05,10y,297,268,0.9781021897810219,53.25912408759124,48.0,0,0,,,,2024-04
ROAD TRANSPORT AND HIGHWAYS,2025-05,5y,215,189,0.9742268041237113,54.95360824742268,49.5,0,0,,,,2024-04
ROAD TRANSPORT AND HIGHWAYS,2025-05,3y,163,144,0.972972972972973,51.1554054054054,49.0,0,0,,,,2024-04
SHIPPING,2025-05,lifetime,26,23,0.8846153846153846,31.307692307692307,14.0,0,0,,,,2018-03
SHIPPING,2025-05,10y,5,5,1.0,68.8,105.0,0,0,,,,2018-03
SHIPPING,2025-05,5y,0,0,,,,0,0,,,,
SHIPPING,2025-05,3y,0,0,,,,0,0,,,,
STEEL,2025-05,lifetime,45,42,0.9767441860465116,32.116279069767444,30.0,0,0,,,,2023-09
STEEL,2025-05,10y,33,33,1.0,35.24242424242424,35.0,0,0,,,,2023-09
STEEL,2025-05,5y,11,11,1.0,46.36363636363637,40.0,0,0,,,,2023-09
STEEL,2025-05,3y,2,2,1.0,71.5,71.5,0,0,,,,2023-09
TELECOMMUNICATIONS,2025-05,lifetime,61,61,1.0,34.950819672131146,29.0,0,0,,,,2020-03
TELECOMMUNICATIONS,2025-05,10y,10,10,1.0,23.7,11.0,0,0,,,,2020-03
TELECOMMUNICATIONS,2025-05,5y,0,0,,,,0,0,,,,
TELECOMMUNICATIONS,2025-05,3y,0,0,,,,0,0,,,,
UNKNOWN,2025-05,lifetime,238,3,0.012605042016806723,-22.386554621848738,-8.5,97,60,0.6185567010309279,9.790742606376947,5.729018471526215,2025-04
UNKNOWN,2025-05,10y,226,3,0.01327433628318584,-15.668141592920353,-7.0,86,55,0.6395348837209303,14.00809071520532,7.352059506432585,2025-04
UNKNOWN,2025-05,5y,184,3,0.016304347826086956,-13.478260869565217,-9.5,78,49,0.6282051282051282,15.325973382426536,6.605803588761619,2025-04
UNKNOWN,2025-05,3y,144,3,0.020833333333333332,-11.284722222222221,-10.5,64,37,0.578125,11.92420937603448,5.5212961773438645,2025-04
URBAN DEVELOPMENT,2025-05,lifetime,33,31,0.96875,39.5,34.5,0,0,,,,2024-03
URBAN DEVELOPMENT,2025-05,10y,31,29,0.9666666666666667,39.3,34.5,0,0,,,,2024-03
URBAN DEVELOPMENT,2025-05,5y,13,12,1.0,41.75,32.0,0,0,,,,2024-03
URBAN DEVELOPMENT,2025-05,3y,3,3,1.0,40.666666666666664,26.0,0,0,,,,2024-03
WATER RESOURCES,2025-05,lifetime,9,9,1.0,17.77777777777778,19.0,0,0,,,,2022-03
WATER RESOURCES,2025-05,10y,9,9,1.0,17.77777777777778,19.0,0,0,,,,2022-03
WATER RESOURCES,2025-05,5y,8,8,1.0,19.25,20.5,0,0,,,,2022-03
WATER RESOURCES,2025-05,3y,0,0,,,,0,0,,,,
ATOMIC ENERGY,2025-06,lifetime,1,1,1.0,22.0,22.0,0,0,,,,2013-02
ATOMIC ENERGY,2025-06,10y,0,0,,,,0,0,,,,
ATOMIC ENERGY,2025-06,5y,0,0,,,,0,0,,,,
ATOMIC ENERGY,2025-06,3y,0,0,,,,0,0,,,,
CENTRAL SECTOR,2025-06,lifetime,674,585,0.9543230016313213,44.35562805872757,40.0,0,0,,,,2024-04
CENTRAL SECTOR,2025-06,10y,609,523,0.9509090909090909,44.52909090909091,41.0,0,0,,,,2024-04
CENTRAL SECTOR,2025-06,5y,470,414,0.9517241379310345,41.95862068965517,40.0,0,0,,,,2024-04
CENTRAL SECTOR,2025-06,3y,340,292,0.9358974358974359,38.25,39.0,0,0,,,,2024-04
CIVIL AVIATION,2025-06,lifetime,12,12,1.0,40.416666666666664,33.0,0,0,,,,2022-11
CIVIL AVIATION,2025-06,10y,7,7,1.0,55.57142857142857,41.0,0,0,,,,2022-11
CIVIL AVIATION,2025-06,5y,2,2,1.0,88.5,88.5,0,0,,,,2022-11
CIVIL AVIATION,2025-06,3y,1,1,1.0,41.0,41.0,0,0,,,,2022-11
COAL,2025-06,lifetime,43,41,0.9534883720930233,41.46511627906977,33.0,0,0,,,,2024-04
COAL,2025-06,10y,36,34,0.9444444444444444,44.44444444444444,35.5,0,0,,,,2024-04
COAL,2025-06,5y,20,19,0.95,46.8,33.5,0,0,,,,2024-04
COAL,2025-06,3y,6,6,1.0,52.166666666666664,35.0,0,0,,,,2024-04
DEFENCE,2025-06,lifetime,1,1,1.0,50.0,50.0,0,0,,,,2024-04
DEFENCE,2025-06,10y,1,1,1.0,50.0,50.0,0,0,,,,2024-04
DEFENCE,2025-06,5y,1,1,1.0,50.0,50.0,0,0,,,,2024-04
DEFENCE,2025-06,3y,1,1,1.0,50.0,50.0,0,0,,,,2024-04
HEALTH AND FAMILY WELFARE,2025-06,lifetime,17,17,1.0,55.76470588235294,57.0,0,0,,,,2024-02
HEALTH AND FAMILY WELFARE,2025-06,10y,17,17,1.0,55.76470588235294,57.0,0,0,,,,2024-02
HEALTH AND FAMILY WELFARE,2025-06,5y,13,13,1.0,64.6923076923077,63.0,0,0,,,,2024-02
HEALTH AND FAMILY WELFARE,2025-06,3y,13,13,1.0,64.6923076923077,63.0,0,0,,,,2024-02
MINES,2025-06,lifetime,3,3,1.0,20.0,12.0,0,0,,,,2017-11
MINES,2025-06,10y,2,2,1.0,12.0,12.0,0,0,,,,2017-11
MINES,2025-06,5y,0,0,,,,0,0,,,,
MINES,2025-06,3y,0,0,,,,0,0,,,,
PETROLEUM,2025-06,lifetime,302,260,0.87248322147651,19.174496644295303,18.0,0,0,,,,2024-05
PETROLEUM,2025-06,10y,226,189,0.84,17.053333333333335,17.0,0,0,,,,2024-05
PETROLEUM,2025-06,5y,134,110,0.8270676691729323,14.80451127819549,18.0,0,0,,,,2024-05
PETROLEUM,2025-06,3y,86,65,0.7647058823529411,12.31764705882353,20.0,0,0,,,,2024-05
PORTS,2025-06,lifetime,1,1,1.0,26.0,26.0,0,0,,,,2017-05
PORTS,2025-06,10y,1,1,1.0,26.0,26.0,0,0,,,,2017-05
PORTS,2025-06,5y,0,0,,,,0,0,,,,
PORTS,2025-06,3y,0,0,,,,0,0,,,,
POWER,2025-06,lifetime,249,220,0.8835341365461847,28.04016064257028,20.0,0,0,,,,2024-04
POWER,2025-06,10y,177,160,0.903954802259887,32.728813559322035,25.0,0,0,,,,2024-04
POWER,2025-06,5y,64,62,0.96875,37.890625,28.0,0,0,,,,2024-04
POWER,2025-06,3y,24,22,0.9166666666666666,28.541666666666668,19.0,0,0,,,,2024-04
RAILWAYS,2025-06,lifetime,197,158,0.9461077844311377,67.30538922155688,48.0,0,0,,,,2024-04
RAILWAYS,2025-06,10y,148,125,0.9765625,72.1953125,48.0,0,0,,,,2024-04
RAILWAYS,2025-06,5y,84,77,0.9871794871794872,63.794871794871796,38.0,0,0,,,,2024-04
RAILWAYS,2025-06,3y,37,32,0.9696969696969697,61.96969696969697,43.0,0,0,,,,2024-04
ROAD TRANSPORT & HIGHWAYS,2025-06,lifetime,66,64,1.0,41.75,40.5,0,0,,,,2013-03
ROAD TRANSPORT & HIGHWAYS,2025-06,10y,0,0,,,,0,0,,,,
ROAD TRANSPORT & HIGHWAYS,2025-06,5y,0,0,,,,0,0,,,,
ROAD TRANSPORT & HIGHWAYS,2025-06,3y,0,0,,,,0,0,,,,
ROAD TRANSPORT AND HIGHWAYS,2025-06,lifetime,304,274,0.9750889679715302,52.8220640569395,48.0,0,0,,,,2024-04
ROAD TRANSPORT AND HIGHWAYS,2025-06,10y,297,268,0.9781021897810219,53.25912408759124,48.0,0,0,,,,2024-04
ROAD TRANSPORT AND HIGHWAYS,2025-06,5y,215,189,0.9742268041237113,54.95360824742268,49.5,0,0,,,,2024-04
ROAD TRANSPORT AND HIGHWAYS,2025-06,3y,163,144,0.972972972972973,51.1554054054054,49.0,0,0,,,,2024-04
SHIPPING,2025-06,lifetime,26,23,0.8846153846153846,31.307692307692307,14.0,0,0,,,,2018-03
SHIPPING,2025-06,10y,5,5,1.0,68.8,105.0,0,0,,,,2018-03
SHIPPING,2025-06,5y,0,0,,,,0,0,,,,
SHIPPING,2025-06,3y,0,0,,,,0,0,,,,
STEEL,2025-06,lifetime,45,42,0.9767441860465116,32.116279069767444,30.0,0,0,,,,2023-09
STEEL,2025-06,10y,33,33,1.0,35.24242424242424,35.0,0,0,,,,2023-09
STEEL,2025-06,5y,11,11,1.0,46.36363636363637,40.0,0,0,,,,2023-09
STEEL,2025-06,3y,2,2,1.0,71.5,71.5,0,0,,,,2023-09
TELECOMMUNICATIONS,2025-06,lifetime,61,61,1.0,34.950819672131146,29.0,0,0,,,,2020-03
TELECOMMUNICATIONS,2025-06,10y,9,9,1.0,17.88888888888889,11.0,0,0,,,,2020-03
TELECOMMUNICATIONS,2025-06,5y,0,0,,,,0,0,,,,
TELECOMMUNICATIONS,2025-06,3y,0,0,,,,0,0,,,,
UNKNOWN,2025-06,lifetime,242,3,0.012396694214876033,-22.119834710743802,-8.5,99,62,0.6262626262626263,9.660462808723855,5.729018471526215,2025-05
UNKNOWN,2025-06,10y,230,3,0.013043478260869565,-15.504347826086956,-7.0,88,57,0.6477272727272727,13.765677122190402,6.605803588761619,2025-05
UNKNOWN,2025-06,5y,186,3,0.016129032258064516,-13.46774193548387,-9.5,80,51,0.6375,15.026371363429593,6.252764410115889,2025-05
UNKNOWN,2025-06,3y,147,3,0.02040816326530612,-11.224489795918368,-10.0,66,39,0.5909090909090909,11.6641391713834,5.5212961773438645,2025-05
URBAN DEVELOPMENT,2025-06,lifetime,33,31,0.96875,39.5,34.5,0,0,,,,2024-03
URBAN DEVELOPMENT,2025-06,10y,31,29,0.9666666666666667,39.3,34.5,0,0,,,,2024-03
URBAN DEVELOPMENT,2025-06,5y,13,12,1.0,41.75,32.0,0,0,,,,2024-03
URBAN DEVELOPMENT,2025-06,3y,3,3,1.0,40.666666666666664,26.0,0,0,,,,2024-03
WATER RESOURCES,2025-06,lifetime,9,9,1.0,17.77777777777778,19.0,0,0,,,,2022-03
WATER RESOURCES,2025-06,10y,9,9,1.0,17.77777777777778,19.0,0,0,,,,2022-03
WATER RESOURCES,2025-06,5y,8,8,1.0,19.25,20.5,0,0,,,,2022-03
WATER RESOURCES,2025-06,3y,0,0,,,,0,0,,,,
ATOMIC ENERGY,2025-07,lifetime,1,1,1.0,22.0,22.0,0,0,,,,2013-02
ATOMIC ENERGY,2025-07,10y,0,0,,,,0,0,,,,
ATOMIC ENERGY,2025-07,5y,0,0,,,,0,0,,,,
ATOMIC ENERGY,2025-07,3y,0,0,,,,0,0,,,,
CENTRAL SECTOR,2025-07,lifetime,674,585,0.9543230016313213,44.35562805872757,40.0,0,0,,,,2024-04
CENTRAL SECTOR,2025-07,10y,609,523,0.9509090909090909,44.52909090909091,41.0,0,0,,,,2024-04
CENTRAL SECTOR,2025-07,5y,470,414,0.9517241379310345,41.95862068965517,40.0,0,0,,,,2024-04
CENTRAL SECTOR,2025-07,3y,340,292,0.9358974358974359,38.25,39.0,0,0,,,,2024-04
CIVIL AVIATION,2025-07,lifetime,12,12,1.0,40.416666666666664,33.0,0,0,,,,2022-11
CIVIL AVIATION,2025-07,10y,7,7,1.0,55.57142857142857,41.0,0,0,,,,2022-11
CIVIL AVIATION,2025-07,5y,2,2,1.0,88.5,88.5,0,0,,,,2022-11
CIVIL AVIATION,2025-07,3y,1,1,1.0,41.0,41.0,0,0,,,,2022-11
COAL,2025-07,lifetime,43,41,0.9534883720930233,41.46511627906977,33.0,0,0,,,,2024-04
COAL,2025-07,10y,36,34,0.9444444444444444,44.44444444444444,35.5,0,0,,,,2024-04
COAL,2025-07,5y,18,17,0.9444444444444444,45.166666666666664,33.0,0,0,,,,2024-04
COAL,2025-07,3y,6,6,1.0,52.166666666666664,35.0,0,0,,,,2024-04
DEFENCE,2025-07,lifetime,1,1,1.0,50.0,50.0,0,0,,,,2024-04
DEFENCE,2025-07,10y,1,1,1.0,50.0,50.0,0,0,,,,2024-04
DEFENCE,2025-07,5y,1,1,1.0,50.0,50.0,0,0,,,,2024-04
DEFENCE,2025-07,3y,1,1,1.0,50.0,50.0,0,0,,,,2024-04
HEALTH AND FAMILY WELFARE,2025-07,lifetime,17,17,1.0,55.76470588235294,57.0,0,0,,,,2024-02
HEALTH AND FAMILY WELFARE,2025-07,10y,17,17,1.0,55.76470588235294,57.0,0,0,,,,2024-02
HEALTH AND FAMILY WELFARE,2025-07,5y,13,13,1.0,64.6923076923077,63.0,0,0,,,,2024-02
HEALTH AND FAMILY WELFARE,2025-07,3y,13,13,1.0,64.6923076923077,63.0,0,0,,,,2024-02
MINES,2025-07,lifetime,3,3,1.0,20.0,12.0,0,0,,,,2017-11
MINES,2025-07,10y,2,2,1.0,12.0,12.0,0,0,,,,2017-11
MINES,2025-07,5y,0,0,,,,0,0,,,,
MINES,2025-07,3y,0,0,,,,0,0,,,,
PETROLEUM,2025-07,lifetime,302,260,0.87248322147651,19.174496644295303,18.0,0,0,,,,2024-05
PETROLEUM,2025-07,10y,226,189,0.84,17.053333333333335,17.0,0,0,,,,2024-05
PETROLEUM,2025-07,5y,134,110,0.8270676691729323,14.80451127819549,18.0,0,0,,,,2024-05
PETROLEUM,2025-07,3y,85,64,0.7619047619047619,12.30952380952381,20.0,0,0,,,,2024-05
PORTS,2025-07,lifetime,1,1,1.0,26.0,26.0,0,0,,,,2017-05
PORTS,2025-07,10y,1,1,1.0,26.0,26.0,0,0,,,,2017-05
PORTS,2025-07,5y,0,0,,,,0,0,,,,
PORTS,2025-07,3y,0,0,,,,0,0,,,,
POWER,2025-07,lifetime,249,220,0.8835341365461847,28.04016064257028,20.0,0,0,,,,2024-04
POWER,2025-07,10y,176,159,0.9034090909090909,32.49431818181818,25.0,0,0,,,,2024-04
POWER,2025-07,5y,64,62,0.96875,37.890625,28.0,0,0,,,,2024-04
POWER,2025-07,3y,22,20,0.9090909090909091,29.954545454545453,20.5,0,0,,,,2024-04
RAILWAYS,2025-07,lifetime,197,158,0.9461077844311377,67.30538922155688,48.0,0,0,,,,2024-04
RAILWAYS,2025-07,10y,148,125,0.9765625,72.1953125,48.0,0,0,,,,2024-04
RAILWAYS,2025-07,5y,84,77,0.9871794871794872,63.794871794871796,38.0,0,0,,,,2024-04
RAILWAYS,2025-07,3y,35,30,0.967741935483871,64.61290322580645,43.0,0,0,,,,2024-04
ROAD TRANSPORT & HIGHWAYS,2025-07,lifetime,66,64,1.0,41.75,40.5,0,0,,,,2013-03
ROAD TRANSPORT & HIGHWAYS,2025-07,10y,0,0,,,,0,0,,,,
ROAD TRANSPORT & HIGHWAYS,2025-07,5y,0,0,,,,0,0,,,,
ROAD TRANSPORT & HIGHWAYS,2025-07,3y,0,0,,,,0,0,,,,
ROAD TRANSPORT AND HIGHWAYS,2025-07,lifetime,304,274,0.9750889679715302,52.8220640569395,48.0,0,0,,,,2024-04
ROAD TRANSPORT AND HIGHWAYS,2025-07,10y,297,268,0.9781021897810219,53.25912408759124,48.0,0,0,,,,2024-04
ROAD TRANSPORT AND HIGHWAYS,2025-07,5y,215,189,0.9742268041237113,54.95360824742268,49.5,0,0,,,,2024-04
ROAD TRANSPORT AND HIGHWAYS,2025-07,3y,163,144,0.972972972972973,51.1554054054054,49.0,0,0,,,,2024-04
SHIPPING,2025-07,lifetime,26,23,0.8846153846153846,31.307692307692307,14.0,0,0,,,,2018-03
SHIPPING,2025-07,10y,5,5,1.0,68.8,105.0,0,0,,,,2018-03
SHIPPING,2025-07,5y,0,0,,,,0,0,,,,
SHIPPING,2025-07,3y,0,0,,,,0,0,,,,
STEEL,2025-07,lifetime,45,42,0.9767441860465116,32.116279069767444,30.0,0,0,,,,2023-09
STEEL,2025-07,10y,31,31,1.0,35.935483870967744,36.0,0,0,,,,2023-09
STEEL,2025-07,5y,11,11,1.0,46.36363636363637,40.0,0,0,,,,2023-09
STEEL,2025-07,3y,2,2,1.0,71.5,71.5,0,0,,,,2023-09
TELECOMMUNICATIONS,2025-07,lifetime,61,61,1.0,34.950819672131146,29.0,0,0,,,,2020-03
TELECOMMUNICATIONS,2025-07,10y,9,9,1.0,17.88888888888889,11.0,0,0,,,,2020-03
TELECOMMUNICATIONS,2025-07,5y,0,0,,,,0,0,,,,
TELECOMMUNICATIONS,2025-07,3y,0,0,,,,0,0,,,,
UNKNOWN,2025-07,lifetime,247,4,0.016194331983805668,-21.704453441295545,-8.0,100,63,0.63,9.569467710078197,5.5212961773438645,2025-06
UNKNOWN,2025-07,10y,235,4,0.01702127659574468,-15.208510638297872,-7.0,89,58,0.651685393258427,13.61730943479678,6.527370790334228,2025-06
UNKNOWN,2025-07,5y,189,4,0.021164021164021163,-13.005291005291005,-8.0,81,52,0.6419753086419753,14.847785950845994,5.978158029897551,2025-06
UNKNOWN,2025-07,3y,149,4,0.026845637583892617,-11.12751677852349,-10.0,67,40,0.5970149253731343,11.498419973962127,5.313573883161514,2025-06
URBAN DEVELOPMENT,2025-07,lifetime,33,31,0.96875,39.5,34.5,0,0,,,,2024-03
URBAN DEVELOPMENT,2025-07,10y,31,29,0.9666666666666667,39.3,34.5,0,0,,,,2024-03
URBAN DEVELOPMENT,2025-07,5y,13,12,1.0,41.75,32.0,0,0,,,,2024-03
URBAN DEVELOPMENT,2025-07,3y,3,3,1.0,40.666666666666664,26.0,0,0,,,,2024-03
WATER RESOURCES,2025-07,lifetime,9,9,1.0,17.77777777777778,19.0,0,0,,,,2022-03
WATER RESOURCES,2025-07,10y,9,9,1.0,17.77777777777778,19.0,0,0,,,,2022-03
WATER RESOURCES,2025-07,5y,8,8,1.0,19.25,20.5,0,0,,,,2022-03
WATER RESOURCES,2025-07,3y,0,0,,,,0,0,,,,
ATOMIC ENERGY,2025-08,lifetime,1,1,1.0,22.0,22.0,0,0,,,,2013-02
ATOMIC ENERGY,2025-08,10y,0,0,,,,0,0,,,,
ATOMIC ENERGY,2025-08,5y,0,0,,,,0,0,,,,
ATOMIC ENERGY,2025-08,3y,0,0,,,,0,0,,,,
CENTRAL SECTOR,2025-08,lifetime,674,585,0.9543230016313213,44.35562805872757,40.0,0,0,,,,2024-04
CENTRAL SECTOR,2025-08,10y,609,523,0.9509090909090909,44.52909090909091,41.0,0,0,,,,2024-04
CENTRAL SECTOR,2025-08,5y,470,414,0.9517241379310345,41.95862068965517,40.0,0,0,,,,2024-04
CENTRAL SECTOR,2025-08,3y,339,291,0.9356913183279743,38.28617363344051,39.0,0,0,,,,2024-04
CIVIL AVIATION,2025-08,lifetime,12,12,1.0,40.416666666666664,33.0,0,0,,,,2022-11
CIVIL AVIATION,2025-08,10y,7,7,1.0,55.57142857142857,41.0,0,0,,,,2022-11
CIVIL AVIATION,2025-08,5y,2,2,1.0,88.5,88.5,0,0,,,,2022-11
CIVIL AVIATION,2025-08,3y,1,1,1.0,41.0,41.0,0,0,,,,2022-11
COAL,2025-08,lifetime,43,41,0.9534883720930233,41.46511627906977,33.0,0,0,,,,2024-04
COAL,2025-08,10y,36,34,0.9444444444444444,44.44444444444444,35.5,0,0,,,,2024-04
COAL,2025-08,5y,18,17,0.9444444444444444,45.166666666666664,33.0,0,0,,,,2024-04
COAL,2025-08,3y,6,6,1.0,52.166666666666664,35.0,0,0,,,,2024-04
DEFENCE,2025-08,lifetime,1,1,1.0,50.0,50.0,0,0,,,,2024-04
DEFENCE,2025-08,10y,1,1,1.0,50.0,50.0,0,0,,,,2024-04
DEFENCE,2025-08,5y,1,1,1.0,50.0,50.0,0,0,,,,2024-04
DEFENCE,2025-08,3y,1,1,1.0,50.0,50.0,0,0,,,,2024-04
HEALTH AND FAMILY WELFARE,2025-08,lifetime,17,17,1.0,55.76470588235294,57.0,0,0,,,,2024-02
HEALTH AND FAMILY WELFARE,2025-08,10y,17,17,1.0,55.76470588235294,57.0,0,0,,,,2024-02
HEALTH AND FAMILY WELFARE,2025-08,5y,13,13,1.0,64.6923076923077,63.0,0,0,,,,2024-02
HEALTH AND FAMILY WELFARE,2025-08,3y,13,13,1.0,64.6923076923077,63.0,0,0,,,,2024-02
MINES,2025-08,lifetime,3,3,1.0,20.0,12.0,0,0,,,,2017-11
MINES,2025-08,10y,2,2,1.0,12.0,12.0,0,0,,,,2017-11
MINES,2025-08,5y,0,0,,,,0,0,,,,
MINES,2025-08,3y,0,0,,,,0,0,,,,
PETROLEUM,2025-08,lifetime,302,260,0.87248322147651,19.174496644295303,18.0,0,0,,,,2024-05
PETROLEUM,2025-08,10y,225,188,0.8392857142857143,17.116071428571427,17.0,0,0,,,,2024-05
PETROLEUM,2025-08,5y,134,110,0.8270676691729323,14.80451127819549,18.0,0,0,,,,2024-05
PETROLEUM,2025-08,3y,85,64,0.7619047619047619,12.30952380952381,20.0,0,0,,,,2024-05
PORTS,2025-08,lifetime,1,1,1.0,26.0,26.0,0,0,,,,2017-05
PORTS,2025-08,10y,1,1,1.0,26.0,26.0,0,0,,,,2017-05
PORTS,2025-08,5y,0,0,,,,0,0,,,,
PORTS,2025-08,3y,0,0,,,,0,0,,,,
POWER,2025-08,lifetime,249,220,0.8835341365461847,28.04016064257028,20.0,0,0,,,,2024-04
POWER,2025-08,10y,175,158,0.9028571428571428,32.63428571428572,25.0,0,0,,,,2024-04
POWER,2025-08,5y,64,62,0.96875,37.890625,28.0,0,0,,,,2024-04
POWER,2025-08,3y,22,20,0.9090909090909091,29.954545454545453,20.5,0,0,,,,2024-04
RAILWAYS,2025-08,lifetime,197,158,0.9461077844311377,67.30538922155688,48.0,0,0,,,,2024-04
RAILWAYS,2025-08,10y,148,125,0.9765625,72.1953125,48.0,0,0,,,,2024-04
RAILWAYS,2025-08,5y,84,77,0.9871794871794872,63.794871794871796,38.0,0,0,,,,2024-04
RAILWAYS,2025-08,3y,35,30,0.967741935483871,64.61290322580645,43.0,0,0,,,,2024-04
ROAD TRANSPORT & HIGHWAYS,2025-08,lifetime,66,64,1.0,41.75,40.5,0,0,,,,2013-03
ROAD TRANSPORT & HIGHWAYS,2025-08,10y,0,0,,,,0,0,,,,
ROAD TRANSPORT & HIGHWAYS,2025-08,5y,0,0,,,,0,0,,,,
ROAD TRANSPORT & HIGHWAYS,2025-08,3y,0,0,,,,0,0,,,,
ROAD TRANSPORT AND HIGHWAYS,2025-08,lifetime,304,274,0.9750889679715302,52.8220640569395,48.0,0,0,,,,2024-04
ROAD TRANSPORT AND HIGHWAYS,2025-08,10y,297,268,0.9781021897810219,53.25912408759124,48.0,0,0,,,,2024-04
ROAD TRANSPORT AND HIGHWAYS,2025-08,5y,215,189,0.9742268041237113,54.95360824742268,49.5,0,0,,,,2024-04
ROAD TRANSPORT AND HIGHWAYS,2025-08,3y,163,144,0.972972972972973,51.1554054054054,49.0,0,0,,,,2024-04
SHIPPING,2025-08,lifetime,26,23,0.8846153846153846,31.307692307692307,14.0,0,0,,,,2018-03
SHIPPING,2025-08,10y,3,3,1.0,40.0,11.0,0,0,,,,2018-03
SHIPPING,2025-08,5y,0,0,,,,0,0,,,,
SHIPPING,2025-08,3y,0,0,,,,0,0,,,,
STEEL,2025-08,lifetime,45,42,0.9767441860465116,32.116279069767444,30.0,0,0,,,,2023-09
STEEL,2025-08,10y,30,30,1.0,34.8,35.5,0,0,,,,2023-09
STEEL,2025-08,5y,11,11,1.0,46.36363636363637,40.0,0,0,,,,2023-09
STEEL,2025-08,3y,2,2,1.0,71.5,71.5,0,0,,,,2023-09
TELECOMMUNICATIONS,2025-08,lifetime,61,61,1.0,34.950819672131146,29.0,0,0,,,,2020-03
TELECOMMUNICATIONS,2025-08,10y,9,9,1.0,17.88888888888889,11.0,0,0,,,,2020-03
TELECOMMUNICATIONS,2025-08,5y,0,0,,,,0,0,,,,
TELECOMMUNICATIONS,2025-08,3y,0,0,,,,0,0,,,,
UNKNOWN,2025-08,lifetime,250,4,0.016,-21.484,-8.0,100,63,0.63,9.569467710078197,5.5212961773438645,2025-07
UNKNOWN,2025-08,10y,238,4,0.01680672268907563,-15.058823529411764,-6.5,89,58,0.651685393258427,13.61730943479678,6.527370790334228,2025-07
UNKNOWN,2025-08,5y,192,4,0.020833333333333332,-12.854166666666666,-8.0,81,52,0.6419753086419753,14.847785950845994,5.978158029897551,2025-07
UNKNOWN,2025-08,3y,150,4,0.02666666666666667,-11.12,-10.0,67,40,0.5970149253731343,11.498419973962127,5.313573883161514,2025-07
URBAN DEVELOPMENT,2025-08,lifetime,33,31,0.96875,39.5,34.5,0,0,,,,2024-03
URBAN DEVELOPMENT,2025-08,10y,31,29,0.9666666666666667,39.3,34.5,0,0,,,,2024-03
URBAN DEVELOPMENT,2025-08,5y,13,12,1.0,41.75,32.0,0,0,,,,2024-03
URBAN DEVELOPMENT,2025-08,3y,3,3,1.0,40.666666666666664,26.0,0,0,,,,2024-03
WATER RESOURCES,2025-08,lifetime,9,9,1.0,17.77777777777778,19.0,0,0,,,,2022-03
WATER RESOURCES,2025-08,10y,9,9,1.0,17.77777777777778,19.0,0,0,,,,2022-03
WATER RESOURCES,2025-08,5y,8,8,1.0,19.25,20.5,0,0,,,,2022-03
WATER RESOURCES,2025-08,3y,0,0,,,,0,0,,,,
ATOMIC ENERGY,2025-09,lifetime,1,1,1.0,22.0,22.0,0,0,,,,2013-02
ATOMIC ENERGY,2025-09,10y,0,0,,,,0,0,,,,
ATOMIC ENERGY,2025-09,5y,0,0,,,,0,0,,,,
ATOMIC ENERGY,2025-09,3y,0,0,,,,0,0,,,,
CENTRAL SECTOR,2025-09,lifetime,674,585,0.9543230016313213,44.35562805872757,40.0,0,0,,,,2024-04
CENTRAL SECTOR,2025-09,10y,609,523,0.9509090909090909,44.52909090909091,41.0,0,0,,,,2024-04
CENTRAL SECTOR,2025-09,5y,470,414,0.9517241379310345,41.95862068965517,40.0,0,0,,,,2024-04
CENTRAL SECTOR,2025-09,3y,339,291,0.9356913183279743,38.28617363344051,39.0,0,0,,,,2024-04
CIVIL AVIATION,2025-09,lifetime,12,12,1.0,40.416666666666664,33.0,0,0,,,,2022-11
CIVIL AVIATION,2025-09,10y,6,6,1.0,60.5,52.5,0,0,,,,2022-11
CIVIL AVIATION,2025-09,5y,2,2,1.0,88.5,88.5,0,0,,,,2022-11
CIVIL AVIATION,2025-09,3y,1,1,1.0,41.0,41.0,0,0,,,,2022-11
COAL,2025-09,lifetime,43,41,0.9534883720930233,41.46511627906977,33.0,0,0,,,,2024-04
COAL,2025-09,10y,35,33,0.9428571428571428,43.6,34.0,0,0,,,,2024-04
COAL,2025-09,5y,17,16,0.9411764705882353,41.88235294117647,33.0,0,0,,,,2024-04
COAL,2025-09,3y,6,6,1.0,52.166666666666664,35.0,0,0,,,,2024-04
DEFENCE,2025-09,lifetime,1,1,1.0,50.0,50.0,0,0,,,,2024-04
DEFENCE,2025-09,10y,1,1,1.0,50.0,50.0,0,0,,,,2024-04
DEFENCE,2025-09,5y,1,1,1.0,50.0,50.0,0,0,,,,2024-04
DEFENCE,2025-09,3y,1,1,1.0,50.0,50.0,0,0,,,,2024-04
HEALTH AND FAMILY WELFARE,2025-09,lifetime,17,17,1.0,55.76470588235294,57.0,0,0,,,,2024-02
HEALTH AND FAMILY WELFARE,2025-09,10y,17,17,1.0,55.76470588235294,57.0,0,0,,,,2024-02
HEALTH AND FAMILY WELFARE,2025-09,5y,13,13,1.0,64.6923076923077,63.0,0,0,,,,2024-02
HEALTH AND FAMILY WELFARE,2025-09,3y,13,13,1.0,64.6923076923077,63.0,0,0,,,,2024-02
MINES,2025-09,lifetime,3,3,1.0,20.0,12.0,0,0,,,,2017-11
MINES,2025-09,10y,2,2,1.0,12.0,12.0,0,0,,,,2017-11
MINES,2025-09,5y,0,0,,,,0,0,,,,
MINES,2025-09,3y,0,0,,,,0,0,,,,
PETROLEUM,2025-09,lifetime,302,260,0.87248322147651,19.174496644295303,18.0,0,0,,,,2024-05
PETROLEUM,2025-09,10y,221,184,0.8363636363636363,16.436363636363637,17.0,0,0,,,,2024-05
PETROLEUM,2025-09,5y,130,106,0.8217054263565892,14.51937984496124,19.0,0,0,,,,2024-05
PETROLEUM,2025-09,3y,79,58,0.7435897435897436,10.474358974358974,20.0,0,0,,,,2024-05
PORTS,2025-09,lifetime,1,1,1.0,26.0,26.0,0,0,,,,2017-05
PORTS,2025-09,10y,1,1,1.0,26.0,26.0,0,0,,,,2017-05
PORTS,2025-09,5y,0,0,,,,0,0,,,,
PORTS,2025-09,3y,0,0,,,,0,0,,,,
POWER,2025-09,lifetime,249,220,0.8835341365461847,28.04016064257028,20.0,0,0,,,,2024-04
POWER,2025-09,10y,174,157,0.9022988505747126,32.58620689655172,25.0,0,0,,,,2024-04
POWER,2025-09,5y,61,59,0.9672131147540983,37.885245901639344,28.0,0,0,,,,2024-04
POWER,2025-09,3y,22,20,0.9090909090909091,29.954545454545453,20.5,0,0,,,,2024-04
RAILWAYS,2025-09,lifetime,197,158,0.9461077844311377,67.30538922155688,48.0,0,0,,,,2024-04
RAILWAYS,2025-09,10y,148,125,0.9765625,72.1953125,48.0,0,0,,,,2024-04
RAILWAYS,2025-09,5y,84,77,0.9871794871794872,63.794871794871796,38.0,0,0,,,,2024-04
RAILWAYS,2025-09,3y,35,30,0.967741935483871,64.61290322580645,43.0,0,0,,,,2024-04
ROAD TRANSPORT & HIGHWAYS,2025-09,lifetime,66,64,1.0,41.75,40.5,0,0,,,,2013-03
ROAD TRANSPORT & HIGHWAYS,2025-09,10y,0,0,,,,0,0,,,,
ROAD TRANSPORT & HIGHWAYS,2025-09,5y,0,0,,,,0,0,,,,
ROAD TRANSPORT & HIGHWAYS,2025-09,3y,0,0,,,,0,0,,,,
ROAD TRANSPORT AND HIGHWAYS,2025-09,lifetime,304,274,0.9750889679715302,52.8220640569395,48.0,0,0,,,,2024-04
ROAD TRANSPORT AND HIGHWAYS,2025-09,10y,297,268,0.9781021897810219,53.25912408759124,48.0,0,0,,,,2024-04
ROAD TRANSPORT AND HIGHWAYS,2025-09,5y,215,189,0.9742268041237113,54.95360824742268,49.5,0,0,,,,2024-04
ROAD TRANSPORT AND HIGHWAYS,2025-09,3y,160,141,0.9724137931034482,50.62068965517241,49.0,0,0,,,,2024-04
SHIPPING,2025-09,lifetime,26,23,0.8846153846153846,31.307692307692307,14.0,0,0,,,,2018-03
SHIPPING,2025-09,10y,3,3,1.0,40.0,11.0,0,0,,,,2018-03
SHIPPING,2025-09,5y,0,0,,,,0,0,,,,
SHIPPING,2025-09,3y,0,0,,,,0,0,,,,
STEEL,2025-09,lifetime,45,42,0.9767441860465116,32.116279069767444,30.0,0,0,,,,2023-09
STEEL,2025-09,10y,30,30,1.0,34.8,35.5,0,0,,,,2023-09
STEEL,2025-09,5y,11,11,1.0,46.36363636363637,40.0,0,0,,,,2023-09
STEEL,2025-09,3y,2,2,1.0,71.5,71.5,0,0,,,,2023-09
TELECOMMUNICATIONS,2025-09,lifetime,61,61,1.0,34.950819672131146,29.0,0,0,,,,2020-03
TELECOMMUNICATIONS,2025-09,10y,9,9,1.0,17.88888888888889,11.0,0,0,,,,2020-03
TELECOMMUNICATIONS,2025-09,5y,0,0,,,,0,0,,,,
TELECOMMUNICATIONS,2025-09,3y,0,0,,,,0,0,,,,
UNKNOWN,2025-09,lifetime,254,6,0.023622047244094488,-19.929133858267715,-7.5,102,63,0.6176470588235294,9.381831088311959,4.972882757538224,2025-08
UNKNOWN,2025-09,10y,242,6,0.024793388429752067,-13.53305785123967,-5.5,91,58,0.6373626373626373,13.31802790875729,5.978158029897551,2025-08
UNKNOWN,2025-09,5y,194,6,0.030927835051546393,-10.804123711340207,-8.0,82,51,0.6219512195121951,14.666347910063516,5.8535882507118835,2025-08
UNKNOWN,2025-09,3y,153,6,0.0392156862745098,-8.588235294117647,-10.0,68,39,0.5735294117647058,10.28272495510823,4.0827474339118375,2025-08
URBAN DEVELOPMENT,2025-09,lifetime,33,31,0.96875,39.5,34.5,0,0,,,,2024-03
URBAN DEVELOPMENT,2025-09,10y,31,29,0.9666666666666667,39.3,34.5,0,0,,,,2024-03
URBAN DEVELOPMENT,2025-09,5y,12,11,1.0,41.0,28.0,0,0,,,,2024-03
URBAN DEVELOPMENT,2025-09,3y,3,3,1.0,40.666666666666664,26.0,0,0,,,,2024-03
WATER RESOURCES,2025-09,lifetime,9,9,1.0,17.77777777777778,19.0,0,0,,,,2022-03
WATER RESOURCES,2025-09,10y,9,9,1.0,17.77777777777778,19.0,0,0,,,,2022-03
WATER RESOURCES,2025-09,5y,8,8,1.0,19.25,20.5,0,0,,,,2022-03
WATER RESOURCES,2025-09,3y,0,0,,,,0,0,,,,
ATOMIC ENERGY,2025-10,lifetime,1,1,1.0,22.0,22.0,0,0,,,,2013-02
ATOMIC ENERGY,2025-10,10y,0,0,,,,0,0,,,,
ATOMIC ENERGY,2025-10,5y,0,0,,,,0,0,,,,
ATOMIC ENERGY,2025-10,3y,0,0,,,,0,0,,,,
CENTRAL SECTOR,2025-10,lifetime,674,585,0.9543230016313213,44.35562805872757,40.0,0,0,,,,2024-04
CENTRAL SECTOR,2025-10,10y,609,523,0.9509090909090909,44.52909090909091,41.0,0,0,,,,2024-04
CENTRAL SECTOR,2025-10,5y,470,414,0.9517241379310345,41.95862068965517,40.0,0,0,,,,2024-04
CENTRAL SECTOR,2025-10,3y,339,291,0.9356913183279743,38.28617363344051,39.0,0,0,,,,2024-04
CIVIL AVIATION,2025-10,lifetime,12,12,1.0,40.416666666666664,33.0,0,0,,,,2022-11
CIVIL AVIATION,2025-10,10y,6,6,1.0,60.5,52.5,0,0,,,,2022-11
CIVIL AVIATION,2025-10,5y,2,2,1.0,88.5,88.5,0,0,,,,2022-11
CIVIL AVIATION,2025-10,3y,1,1,1.0,41.0,41.0,0,0,,,,2022-11
COAL,2025-10,lifetime,43,41,0.9534883720930233,41.46511627906977,33.0,0,0,,,,2024-04
COAL,2025-10,10y,35,33,0.9428571428571428,43.6,34.0,0,0,,,,2024-04
COAL,2025-10,5y,17,16,0.9411764705882353,41.88235294117647,33.0,0,0,,,,2024-04
COAL,2025-10,3y,6,6,1.0,52.166666666666664,35.0,0,0,,,,2024-04
DEFENCE,2025-10,lifetime,1,1,1.0,50.0,50.0,0,0,,,,2024-04
DEFENCE,2025-10,10y,1,1,1.0,50.0,50.0,0,0,,,,2024-04
DEFENCE,2025-10,5y,1,1,1.0,50.0,50.0,0,0,,,,2024-04
DEFENCE,2025-10,3y,1,1,1.0,50.0,50.0,0,0,,,,2024-04
HEALTH AND FAMILY WELFARE,2025-10,lifetime,17,17,1.0,55.76470588235294,57.0,0,0,,,,2024-02
HEALTH AND FAMILY WELFARE,2025-10,10y,17,17,1.0,55.76470588235294,57.0,0,0,,,,2024-02
HEALTH AND FAMILY WELFARE,2025-10,5y,13,13,1.0,64.6923076923077,63.0,0,0,,,,2024-02
HEALTH AND FAMILY WELFARE,2025-10,3y,13,13,1.0,64.6923076923077,63.0,0,0,,,,2024-02
MINES,2025-10,lifetime,3,3,1.0,20.0,12.0,0,0,,,,2017-11
MINES,2025-10,10y,2,2,1.0,12.0,12.0,0,0,,,,2017-11
MINES,2025-10,5y,0,0,,,,0,0,,,,
MINES,2025-10,3y,0,0,,,,0,0,,,,
PETROLEUM,2025-10,lifetime,302,260,0.87248322147651,19.174496644295303,18.0,0,0,,,,2024-05
PETROLEUM,2025-10,10y,220,183,0.8356164383561644,16.493150684931507,17.0,0,0,,,,2024-05
PETROLEUM,2025-10,5y,130,106,0.8217054263565892,14.51937984496124,19.0,0,0,,,,2024-05
PETROLEUM,2025-10,3y,78,57,0.7402597402597403,10.415584415584416,20.0,0,0,,,,2024-05
PORTS,2025-10,lifetime,1,1,1.0,26.0,26.0,0,0,,,,2017-05
PORTS,2025-10,10y,1,1,1.0,26.0,26.0,0,0,,,,2017-05
PORTS,2025-10,5y,0,0,,,,0,0,,,,
PORTS,2025-10,3y,0,0,,,,0,0,,,,
POWER,2025-10,lifetime,249,220,0.8835341365461847,28.04016064257028,20.0,0,0,,,,2024-04
POWER,2025-10,10y,171,155,0.9064327485380117,33.07602339181287,25.0,0,0,,,,2024-04
POWER,2025-10,5y,61,59,0.9672131147540983,37.885245901639344,28.0,0,0,,,,2024-04
POWER,2025-10,3y,21,19,0.9047619047619048,30.857142857142858,21.0,0,0,,,,2024-04
RAILWAYS,2025-10,lifetime,197,158,0.9461077844311377,67.30538922155688,48.0,0,0,,,,2024-04
RAILWAYS,2025-10,10y,148,125,0.9765625,72.1953125,48.0,0,0,,,,2024-04
RAILWAYS,2025-10,5y,84,77,0.9871794871794872,63.794871794871796,38.0,0,0,,,,2024-04
RAILWAYS,2025-10,3y,35,30,0.967741935483871,64.61290322580645,43.0,0,0,,,,2024-04
ROAD TRANSPORT & HIGHWAYS,2025-10,lifetime,66,64,1.0,41.75,40.5,0,0,,,,2013-03
ROAD TRANSPORT & HIGHWAYS,2025-10,10y,0,0,,,,0,0,,,,
ROAD TRANSPORT & HIGHWAYS,2025-10,5y,0,0,,,,0,0,,,,
ROAD TRANSPORT & HIGHWAYS,2025-10,3y,0,0,,,,0,0,,,,
ROAD TRANSPORT AND HIGHWAYS,2025-10,lifetime,304,274,0.9750889679715302,52.8220640569395,48.0,0,0,,,,2024-04
ROAD TRANSPORT AND HIGHWAYS,2025-10,10y,297,268,0.9781021897810219,53.25912408759124,48.0,0,0,,,,2024-04
ROAD TRANSPORT AND HIGHWAYS,2025-10,5y,215,189,0.9742268041237113,54.95360824742268,49.5,0,0,,,,2024-04
ROAD TRANSPORT AND HIGHWAYS,2025-10,3y,152,133,0.9708029197080292,50.832116788321166,50.0,0,0,,,,2024-04
SHIPPING,2025-10,lifetime,26,23,0.8846153846153846,31.307692307692307,14.0,0,0,,,,2018-03
SHIPPING,2025-10,10y,3,3,1.0,40.0,11.0,0,0,,,,2018-03
SHIPPING,2025-10,5y,0,0,,,,0,0,,,,
SHIPPING,2025-10,3y,0,0,,,,0,0,,,,
STEEL,2025-10,lifetime,45,42,0.9767441860465116,32.116279069767444,30.0,0,0,,,,2023-09
STEEL,2025-10,10y,28,28,1.0,34.07142857142857,33.5,0,0,,,,2023-09
STEEL,2025-10,5y,10,10,1.0,47.0,41.5,0,0,,,,2023-09
STEEL,2025-10,3y,2,2,1.0,71.5,71.5,0,0,,,,2023-09
TELECOMMUNICATIONS,2025-10,lifetime,61,61,1.0,34.950819672131146,29.0,0,0,,,,2020-03
TELECOMMUNICATIONS,2025-10,10y,9,9,1.0,17.88888888888889,11.0,0,0,,,,2020-03
TELECOMMUNICATIONS,2025-10,5y,0,0,,,,0,0,,,,
TELECOMMUNICATIONS,2025-10,3y,0,0,,,,0,0,,,,
UNKNOWN,2025-10,lifetime,266,13,0.04887218045112782,-18.789473684210527,-7.0,111,68,0.6126126126126126,10.878316101298577,4.632191631914936,2025-09
UNKNOWN,2025-10,10y,254,13,0.051181102362204724,-12.641732283464567,-5.0,100,63,0.63,14.624868559332358,5.8535882507118835,2025-09
UNKNOWN,2025-10,5y,204,13,0.06372549019607843,-9.352941176470589,-7.5,90,56,0.6222222222222222,16.146520498461452,5.8535882507118835,2025-09
UNKNOWN,2025-10,3y,161,13,0.08074534161490683,-7.341614906832298,-8.0,75,42,0.56,12.536595572535608,2.0229865853573603,2025-09
URBAN DEVELOPMENT,2025-10,lifetime,33,31,0.96875,39.5,34.5,0,0,,,,2024-03
URBAN DEVELOPMENT,2025-10,10y,31,29,0.9666666666666667,39.3,34.5,0,0,,,,2024-03
URBAN DEVELOPMENT,2025-10,5y,12,11,1.0,41.0,28.0,0,0,,,,2024-03
URBAN DEVELOPMENT,2025-10,3y,3,3,1.0,40.666666666666664,26.0,0,0,,,,2024-03
WATER RESOURCES,2025-10,lifetime,9,9,1.0,17.77777777777778,19.0,0,0,,,,2022-03
WATER RESOURCES,2025-10,10y,9,9,1.0,17.77777777777778,19.0,0,0,,,,2022-03
WATER RESOURCES,2025-10,5y,8,8,1.0,19.25,20.5,0,0,,,,2022-03
WATER RESOURCES,2025-10,3y,0,0,,,,0,0,,,,
ATOMIC ENERGY,2025-11,lifetime,1,1,1.0,22.0,22.0,0,0,,,,2013-02
ATOMIC ENERGY,2025-11,10y,0,0,,,,0,0,,,,
ATOMIC ENERGY,2025-11,5y,0,0,,,,0,0,,,,
ATOMIC ENERGY,2025-11,3y,0,0,,,,0,0,,,,
CENTRAL SECTOR,2025-11,lifetime,674,585,0.9543230016313213,44.35562805872757,40.0,0,0,,,,2024-04
CENTRAL SECTOR,2025-11,10y,609,523,0.9509090909090909,44.52909090909091,41.0,0,0,,,,2024-04
CENTRAL SECTOR,2025-11,5y,470,414,0.9517241379310345,41.95862068965517,40.0,0,0,,,,2024-04
CENTRAL SECTOR,2025-11,3y,339,291,0.9356913183279743,38.28617363344051,39.0,0,0,,,,2024-04
CIVIL AVIATION,2025-11,lifetime,12,12,1.0,40.416666666666664,33.0,0,0,,,,2022-11
CIVIL AVIATION,2025-11,10y,5,5,1.0,71.2,64.0,0,0,,,,2022-11
CIVIL AVIATION,2025-11,5y,2,2,1.0,88.5,88.5,0,0,,,,2022-11
CIVIL AVIATION,2025-11,3y,1,1,1.0,41.0,41.0,0,0,,,,2022-11
COAL,2025-11,lifetime,43,41,0.9534883720930233,41.46511627906977,33.0,0,0,,,,2024-04
COAL,2025-11,10y,35,33,0.9428571428571428,43.6,34.0,0,0,,,,2024-04
COAL,2025-11,5y,15,14,0.9333333333333333,45.733333333333334,33.0,0,0,,,,2024-04
COAL,2025-11,3y,6,6,1.0,52.166666666666664,35.0,0,0,,,,2024-04
DEFENCE,2025-11,lifetime,1,1,1.0,50.0,50.0,0,0,,,,2024-04
DEFENCE,2025-11,10y,1,1,1.0,50.0,50.0,0,0,,,,2024-04
DEFENCE,2025-11,5y,1,1,1.0,50.0,50.0,0,0,,,,2024-04
DEFENCE,2025-11,3y,1,1,1.0,50.0,50.0,0,0,,,,2024-04
HEALTH AND FAMILY WELFARE,2025-11,lifetime,17,17,1.0,55.76470588235294,57.0,0,0,,,,2024-02
HEALTH AND FAMILY WELFARE,2025-11,10y,17,17,1.0,55.76470588235294,57.0,0,0,,,,2024-02
HEALTH AND FAMILY WELFARE,2025-11,5y,13,13,1.0,64.6923076923077,63.0,0,0,,,,2024-02
HEALTH AND FAMILY WELFARE,2025-11,3y,13,13,1.0,64.6923076923077,63.0,0,0,,,,2024-02
MINES,2025-11,lifetime,3,3,1.0,20.0,12.0,0,0,,,,2017-11
MINES,2025-11,10y,2,2,1.0,12.0,12.0,0,0,,,,2017-11
MINES,2025-11,5y,0,0,,,,0,0,,,,
MINES,2025-11,3y,0,0,,,,0,0,,,,
PETROLEUM,2025-11,lifetime,302,260,0.87248322147651,19.174496644295303,18.0,0,0,,,,2024-05
PETROLEUM,2025-11,10y,220,183,0.8356164383561644,16.493150684931507,17.0,0,0,,,,2024-05
PETROLEUM,2025-11,5y,130,106,0.8217054263565892,14.51937984496124,19.0,0,0,,,,2024-05
PETROLEUM,2025-11,3y,78,57,0.7402597402597403,10.415584415584416,20.0,0,0,,,,2024-05
PORTS,2025-11,lifetime,1,1,1.0,26.0,26.0,0,0,,,,2017-05
PORTS,2025-11,10y,1,1,1.0,26.0,26.0,0,0,,,,2017-05
PORTS,2025-11,5y,0,0,,,,0,0,,,,
PORTS,2025-11,3y,0,0,,,,0,0,,,,
POWER,2025-11,lifetime,249,220,0.8835341365461847,28.04016064257028,20.0,0,0,,,,2024-04
POWER,2025-11,10y,170,154,0.9058823529411765,33.12352941176471,25.5,0,0,,,,2024-04
POWER,2025-11,5y,61,59,0.9672131147540983,37.885245901639344,28.0,0,0,,,,2024-04
POWER,2025-11,3y,21,19,0.9047619047619048,30.857142857142858,21.0,0,0,,,,2024-04
RAILWAYS,2025-11,lifetime,197,158,0.9461077844311377,67.30538922155688,48.0,0,0,,,,2024-04
RAILWAYS,2025-11,10y,148,125,0.9765625,72.1953125,48.0,0,0,,,,2024-04
RAILWAYS,2025-11,5y,84,77,0.9871794871794872,63.794871794871796,38.0,0,0,,,,2024-04
RAILWAYS,2025-11,3y,35,30,0.967741935483871,64.61290322580645,43.0,0,0,,,,2024-04
ROAD TRANSPORT & HIGHWAYS,2025-11,lifetime,66,64,1.0,41.75,40.5,0,0,,,,2013-03
ROAD TRANSPORT & HIGHWAYS,2025-11,10y,0,0,,,,0,0,,,,
ROAD TRANSPORT & HIGHWAYS,2025-11,5y,0,0,,,,0,0,,,,
ROAD TRANSPORT & HIGHWAYS,2025-11,3y,0,0,,,,0,0,,,,
ROAD TRANSPORT AND HIGHWAYS,2025-11,lifetime,304,274,0.9750889679715302,52.8220640569395,48.0,0,0,,,,2024-04
ROAD TRANSPORT AND HIGHWAYS,2025-11,10y,297,268,0.9781021897810219,53.25912408759124,48.0,0,0,,,,2024-04
ROAD TRANSPORT AND HIGHWAYS,2025-11,5y,215,189,0.9742268041237113,54.95360824742268,49.5,0,0,,,,2024-04
ROAD TRANSPORT AND HIGHWAYS,2025-11,3y,143,133,0.9708029197080292,50.832116788321166,50.0,0,0,,,,2024-04
SHIPPING,2025-11,lifetime,26,23,0.8846153846153846,31.307692307692307,14.0,0,0,,,,2018-03
SHIPPING,2025-11,10y,3,3,1.0,40.0,11.0,0,0,,,,2018-03
SHIPPING,2025-11,5y,0,0,,,,0,0,,,,
SHIPPING,2025-11,3y,0,0,,,,0,0,,,,
STEEL,2025-11,lifetime,45,42,0.9767441860465116,32.116279069767444,30.0,0,0,,,,2023-09
STEEL,2025-11,10y,27,27,1.0,32.666666666666664,32.0,0,0,,,,2023-09
STEEL,2025-11,5y,10,10,1.0,47.0,41.5,0,0,,,,2023-09
STEEL,2025-11,3y,2,2,1.0,71.5,71.5,0,0,,,,2023-09
TELECOMMUNICATIONS,2025-11,lifetime,61,61,1.0,34.950819672131146,29.0,0,0,,,,2020-03
TELECOMMUNICATIONS,2025-11,10y,9,9,1.0,17.88888888888889,11.0,0,0,,,,2020-03
TELECOMMUNICATIONS,2025-11,5y,0,0,,,,0,0,,,,
TELECOMMUNICATIONS,2025-11,3y,0,0,,,,0,0,,,,
UNKNOWN,2025-11,lifetime,271,17,0.06273062730627306,-18.1549815498155,-7.0,114,70,0.6140350877192983,12.85313728529854,4.972882757538224,2025-10
UNKNOWN,2025-11,10y,257,17,0.06614785992217899,-11.789883268482491,-5.0,102,64,0.6274509803921569,16.78506894404065,5.8535882507118835,2025-10
UNKNOWN,2025-11,5y,208,17,0.08173076923076923,-8.798076923076923,-7.0,93,58,0.6236559139784946,18.3973269692626,5.978158029897551,2025-10
UNKNOWN,2025-11,3y,163,17,0.10429447852760736,-6.5030674846625764,-8.0,77,43,0.5584415584415584,14.464591767822487,2.0229865853573603,2025-10
URBAN DEVELOPMENT,2025-11,lifetime,33,31,0.96875,39.5,34.5,0,0,,,,2024-03
URBAN DEVELOPMENT,2025-11,10y,31,29,0.9666666666666667,39.3,34.5,0,0,,,,2024-03
URBAN DEVELOPMENT,2025-11,5y,12,11,1.0,41.0,28.0,0,0,,,,2024-03
URBAN DEVELOPMENT,2025-11,3y,2,2,1.0,48.0,48.0,0,0,,,,2024-03
WATER RESOURCES,2025-11,lifetime,9,9,1.0,17.77777777777778,19.0,0,0,,,,2022-03
WATER RESOURCES,2025-11,10y,9,9,1.0,17.77777777777778,19.0,0,0,,,,2022-03
WATER RESOURCES,2025-11,5y,8,8,1.0,19.25,20.5,0,0,,,,2022-03
WATER RESOURCES,2025-11,3y,0,0,,,,0,0,,,,
ATOMIC ENERGY,2025-12,lifetime,1,1,1.0,22.0,22.0,0,0,,,,2013-02
ATOMIC ENERGY,2025-12,10y,0,0,,,,0,0,,,,
ATOMIC ENERGY,2025-12,5y,0,0,,,,0,0,,,,
ATOMIC ENERGY,2025-12,3y,0,0,,,,0,0,,,,
CENTRAL SECTOR,2025-12,lifetime,674,585,0.9543230016313213,44.35562805872757,40.0,0,0,,,,2024-04
CENTRAL SECTOR,2025-12,10y,609,523,0.9509090909090909,44.52909090909091,41.0,0,0,,,,2024-04
CENTRAL SECTOR,2025-12,5y,470,414,0.9517241379310345,41.95862068965517,40.0,0,0,,,,2024-04
CENTRAL SECTOR,2025-12,3y,339,291,0.9356913183279743,38.28617363344051,39.0,0,0,,,,2024-04
CIVIL AVIATION,2025-12,lifetime,12,12,1.0,40.416666666666664,33.0,0,0,,,,2022-11
CIVIL AVIATION,2025-12,10y,5,5,1.0,71.2,64.0,0,0,,,,2022-11
CIVIL AVIATION,2025-12,5y,2,2,1.0,88.5,88.5,0,0,,,,2022-11
CIVIL AVIATION,2025-12,3y,0,0,,,,0,0,,,,
COAL,2025-12,lifetime,43,41,0.9534883720930233,41.46511627906977,33.0,0,0,,,,2024-04
COAL,2025-12,10y,35,33,0.9428571428571428,43.6,34.0,0,0,,,,2024-04
COAL,2025-12,5y,15,14,0.9333333333333333,45.733333333333334,33.0,0,0,,,,2024-04
COAL,2025-12,3y,6,6,1.0,52.166666666666664,35.0,0,0,,,,2024-04
DEFENCE,2025-12,lifetime,1,1,1.0,50.0,50.0,0,0,,,,2024-04
DEFENCE,2025-12,10y,1,1,1.0,50.0,50.0,0,0,,,,2024-04
DEFENCE,2025-12,5y,1,1,1.0,50.0,50.0,0,0,,,,2024-04
DEFENCE,2025-12,3y,1,1,1.0,50.0,50.0,0,0,,,,2024-04
HEALTH AND FAMILY WELFARE,2025-12,lifetime,17,17,1.0,55.76470588235294,57.0,0,0,,,,2024-02
HEALTH AND FAMILY WELFARE,2025-12,10y,17,17,1.0,55.76470588235294,57.0,0,0,,,,2024-02
HEALTH AND FAMILY WELFARE,2025-12,5y,13,13,1.0,64.6923076923077,63.0,0,0,,,,2024-02
HEALTH AND FAMILY WELFARE,2025-12,3y,13,13,1.0,64.6923076923077,63.0,0,0,,,,2024-02
MINES,2025-12,lifetime,3,3,1.0,20.0,12.0,0,0,,,,2017-11
MINES,2025-12,10y,2,2,1.0,12.0,12.0,0,0,,,,2017-11
MINES,2025-12,5y,0,0,,,,0,0,,,,
MINES,2025-12,3y,0,0,,,,0,0,,,,
PETROLEUM,2025-12,lifetime,302,260,0.87248322147651,19.174496644295303,18.0,0,0,,,,2024-05
PETROLEUM,2025-12,10y,220,183,0.8356164383561644,16.493150684931507,17.0,0,0,,,,2024-05
PETROLEUM,2025-12,5y,130,106,0.8217054263565892,14.51937984496124,19.0,0,0,,,,2024-05
PETROLEUM,2025-12,3y,77,56,0.7368421052631579,10.144736842105264,20.0,0,0,,,,2024-05
PORTS,2025-12,lifetime,1,1,1.0,26.0,26.0,0,0,,,,2017-05
PORTS,2025-12,10y,1,1,1.0,26.0,26.0,0,0,,,,2017-05
PORTS,2025-12,5y,0,0,,,,0,0,,,,
PORTS,2025-12,3y,0,0,,,,0,0,,,,
POWER,2025-12,lifetime,249,220,0.8835341365461847,28.04016064257028,20.0,0,0,,,,2024-04
POWER,2025-12,10y,169,153,0.9053254437869822,33.27218934911242,26.0,0,0,,,,2024-04
POWER,2025-12,5y,61,59,0.9672131147540983,37.885245901639344,28.0,0,0,,,,2024-04
POWER,2025-12,3y,21,19,0.9047619047619048,30.857142857142858,21.0,0,0,,,,2024-04
RAILWAYS,2025-12,lifetime,197,158,0.9461077844311377,67.30538922155688,48.0,0,0,,,,2024-04
RAILWAYS,2025-12,10y,148,125,0.9765625,72.1953125,48.0,0,0,,,,2024-04
RAILWAYS,2025-12,5y,84,77,0.9871794871794872,63.794871794871796,38.0,0,0,,,,2024-04
RAILWAYS,2025-12,3y,35,30,0.967741935483871,64.61290322580645,43.0,0,0,,,,2024-04
ROAD TRANSPORT & HIGHWAYS,2025-12,lifetime,66,64,1.0,41.75,40.5,0,0,,,,2013-03
ROAD TRANSPORT & HIGHWAYS,2025-12,10y,0,0,,,,0,0,,,,
ROAD TRANSPORT & HIGHWAYS,2025-12,5y,0,0,,,,0,0,,,,
ROAD TRANSPORT & HIGHWAYS,2025-12,3y,0,0,,,,0,0,,,,
ROAD TRANSPORT AND HIGHWAYS,2025-12,lifetime,304,274,0.9750889679715302,52.8220640569395,48.0,0,0,,,,2024-04
ROAD TRANSPORT AND HIGHWAYS,2025-12,10y,297,268,0.9781021897810219,53.25912408759124,48.0,0,0,,,,2024-04
ROAD TRANSPORT AND HIGHWAYS,2025-12,5y,215,189,0.9742268041237113,54.95360824742268,49.5,0,0,,,,2024-04
ROAD TRANSPORT AND HIGHWAYS,2025-12,3y,141,131,0.9703703703703703,49.888888888888886,49.0,0,0,,,,2024-04
SHIPPING,2025-12,lifetime,26,23,0.8846153846153846,31.307692307692307,14.0,0,0,,,,2018-03
SHIPPING,2025-12,10y,3,3,1.0,40.0,11.0,0,0,,,,2018-03
SHIPPING,2025-12,5y,0,0,,,,0,0,,,,
SHIPPING,2025-12,3y,0,0,,,,0,0,,,,
STEEL,2025-12,lifetime,45,42,0.9767441860465116,32.116279069767444,30.0,0,0,,,,2023-09
STEEL,2025-12,10y,27,27,1.0,32.666666666666664,32.0,0,0,,,,2023-09
STEEL,2025-12,5y,10,10,1.0,47.0,41.5,0,0,,,,2023-09
STEEL,2025-12,3y,2,2,1.0,71.5,71.5,0,0,,,,2023-09
TELECOMMUNICATIONS,2025-12,lifetime,61,61,1.0,34.950819672131146,29.0,0,0,,,,2020-03
TELECOMMUNICATIONS,2025-12,10y,9,9,1.0,17.88888888888889,11.0,0,0,,,,2020-03
TELECOMMUNICATIONS,2025-12,5y,0,0,,,,0,0,,,,
TELECOMMUNICATIONS,2025-12,3y,0,0,,,,0,0,,,,
UNKNOWN,2025-12,lifetime,277,20,0.07220216606498195,-17.67509025270758,-6.0,116,71,0.6120689655172413,12.65654981358142,4.422781496132567,2025-11
UNKNOWN,2025-12,10y,263,20,0.07604562737642585,-11.429657794676807,-4.0,104,65,0.625,16.490184232149588,5.5212961773438645,2025-11
UNKNOWN,2025-12,5y,211,20,0.0947867298578199,-8.412322274881516,-7.0,95,59,0.6210526315789474,18.040563536766662,5.729018471526215,2025-11
UNKNOWN,2025-12,3y,166,20,0.12048192771084337,-5.662650602409639,-7.0,77,44,0.5714285714285714,15.519300756114196,2.902127851411054,2025-11
URBAN DEVELOPMENT,2025-12,lifetime,33,31,0.96875,39.5,34.5,0,0,,,,2024-03
URBAN DEVELOPMENT,2025-12,10y,31,29,0.9666666666666667,39.3,34.5,0,0,,,,2024-03
URBAN DEVELOPMENT,2025-12,5y,12,11,1.0,41.0,28.0,0,0,,,,2024-03
URBAN DEVELOPMENT,2025-12,3y,2,2,1.0,48.0,48.0,0,0,,,,2024-03
WATER RESOURCES,2025-12,lifetime,9,9,1.0,17.77777777777778,19.0,0,0,,,,2022-03
WATER RESOURCES,2025-12,10y,9,9,1.0,17.77777777777778,19.0,0,0,,,,2022-03
WATER RESOURCES,2025-12,5y,8,8,1.0,19.25,20.5,0,0,,,,2022-03
WATER RESOURCES,2025-12,3y,0,0,,,,0,0,,,,
ATOMIC ENERGY,2026-01,lifetime,1,1,1.0,22.0,22.0,0,0,,,,2013-02
ATOMIC ENERGY,2026-01,10y,0,0,,,,0,0,,,,
ATOMIC ENERGY,2026-01,5y,0,0,,,,0,0,,,,
ATOMIC ENERGY,2026-01,3y,0,0,,,,0,0,,,,
CENTRAL SECTOR,2026-01,lifetime,674,585,0.9543230016313213,44.35562805872757,40.0,0,0,,,,2024-04
CENTRAL SECTOR,2026-01,10y,609,523,0.9509090909090909,44.52909090909091,41.0,0,0,,,,2024-04
CENTRAL SECTOR,2026-01,5y,470,414,0.9517241379310345,41.95862068965517,40.0,0,0,,,,2024-04
CENTRAL SECTOR,2026-01,3y,339,291,0.9356913183279743,38.28617363344051,39.0,0,0,,,,2024-04
CIVIL AVIATION,2026-01,lifetime,12,12,1.0,40.416666666666664,33.0,0,0,,,,2022-11
CIVIL AVIATION,2026-01,10y,4,4,1.0,83.75,79.0,0,0,,,,2022-11
CIVIL AVIATION,2026-01,5y,2,2,1.0,88.5,88.5,0,0,,,,2022-11
CIVIL AVIATION,2026-01,3y,0,0,,,,0,0,,,,
COAL,2026-01,lifetime,43,41,0.9534883720930233,41.46511627906977,33.0,0,0,,,,2024-04
COAL,2026-01,10y,34,32,0.9411764705882353,44.26470588235294,35.5,0,0,,,,2024-04
COAL,2026-01,5y,14,14,1.0,49.0,33.5,0,0,,,,2024-04
COAL,2026-01,3y,6,6,1.0,52.166666666666664,35.0,0,0,,,,2024-04
DEFENCE,2026-01,lifetime,1,1,1.0,50.0,50.0,0,0,,,,2024-04
DEFENCE,2026-01,10y,1,1,1.0,50.0,50.0,0,0,,,,2024-04
DEFENCE,2026-01,5y,1,1,1.0,50.0,50.0,0,0,,,,2024-04
DEFENCE,2026-01,3y,1,1,1.0,50.0,50.0,0,0,,,,2024-04
HEALTH AND FAMILY WELFARE,2026-01,lifetime,17,17,1.0,55.76470588235294,57.0,0,0,,,,2024-02
HEALTH AND FAMILY WELFARE,2026-01,10y,17,17,1.0,55.76470588235294,57.0,0,0,,,,2024-02
HEALTH AND FAMILY WELFARE,2026-01,5y,13,13,1.0,64.6923076923077,63.0,0,0,,,,2024-02
HEALTH AND FAMILY WELFARE,2026-01,3y,13,13,1.0,64.6923076923077,63.0,0,0,,,,2024-02
MINES,2026-01,lifetime,3,3,1.0,20.0,12.0,0,0,,,,2017-11
MINES,2026-01,10y,2,2,1.0,12.0,12.0,0,0,,,,2017-11
MINES,2026-01,5y,0,0,,,,0,0,,,,
MINES,2026-01,3y,0,0,,,,0,0,,,,
PETROLEUM,2026-01,lifetime,302,260,0.87248322147651,19.174496644295303,18.0,0,0,,,,2024-05
PETROLEUM,2026-01,10y,216,179,0.8325581395348837,16.53953488372093,17.0,0,0,,,,2024-05
PETROLEUM,2026-01,5y,128,104,0.8188976377952756,14.527559055118111,19.0,0,0,,,,2024-05
PETROLEUM,2026-01,3y,75,54,0.7297297297297297,10.35135135135135,20.0,0,0,,,,2024-05
PORTS,2026-01,lifetime,1,1,1.0,26.0,26.0,0,0,,,,2017-05
PORTS,2026-01,10y,1,1,1.0,26.0,26.0,0,0,,,,2017-05
PORTS,2026-01,5y,0,0,,,,0,0,,,,
PORTS,2026-01,3y,0,0,,,,0,0,,,,
POWER,2026-01,lifetime,249,220,0.8835341365461847,28.04016064257028,20.0,0,0,,,,2024-04
POWER,2026-01,10y,168,153,0.9107142857142857,33.517857142857146,26.5,0,0,,,,2024-04
POWER,2026-01,5y,61,59,0.9672131147540983,37.885245901639344,28.0,0,0,,,,2024-04
POWER,2026-01,3y,20,19,0.95,32.4,21.5,0,0,,,,2024-04
RAILWAYS,2026-01,lifetime,197,158,0.9461077844311377,67.30538922155688,48.0,0,0,,,,2024-04
RAILWAYS,2026-01,10y,148,125,0.9765625,72.1953125,48.0,0,0,,,,2024-04
RAILWAYS,2026-01,5y,84,77,0.9871794871794872,63.794871794871796,38.0,0,0,,,,2024-04
RAILWAYS,2026-01,3y,35,30,0.967741935483871,64.61290322580645,43.0,0,0,,,,2024-04
ROAD TRANSPORT & HIGHWAYS,2026-01,lifetime,66,64,1.0,41.75,40.5,0,0,,,,2013-03
ROAD TRANSPORT & HIGHWAYS,2026-01,10y,0,0,,,,0,0,,,,
ROAD TRANSPORT & HIGHWAYS,2026-01,5y,0,0,,,,0,0,,,,
ROAD TRANSPORT & HIGHWAYS,2026-01,3y,0,0,,,,0,0,,,,
ROAD TRANSPORT AND HIGHWAYS,2026-01,lifetime,304,274,0.9750889679715302,52.8220640569395,48.0,0,0,,,,2024-04
ROAD TRANSPORT AND HIGHWAYS,2026-01,10y,297,268,0.9781021897810219,53.25912408759124,48.0,0,0,,,,2024-04
ROAD TRANSPORT AND HIGHWAYS,2026-01,5y,213,187,0.9739583333333334,55.359375,50.0,0,0,,,,2024-04
ROAD TRANSPORT AND HIGHWAYS,2026-01,3y,136,126,0.9692307692307692,47.4,48.0,0,0,,,,2024-04
SHIPPING,2026-01,lifetime,26,23,0.8846153846153846,31.307692307692307,14.0,0,0,,,,2018-03
SHIPPING,2026-01,10y,3,3,1.0,40.0,11.0,0,0,,,,2018-03
SHIPPING,2026-01,5y,0,0,,,,0,0,,,,
SHIPPING,2026-01,3y,0,0,,,,0,0,,,,
STEEL,2026-01,lifetime,45,42,0.9767441860465116,32.116279069767444,30.0,0,0,,,,2023-09
STEEL,2026-01,10y,27,27,1.0,32.666666666666664,32.0,0,0,,,,2023-09
STEEL,2026-01,5y,10,10,1.0,47.0,41.5,0,0,,,,2023-09
STEEL,2026-01,3y,2,2,1.0,71.5,71.5,0,0,,,,2023-09
TELECOMMUNICATIONS,2026-01,lifetime,61,61,1.0,34.950819672131146,29.0,0,0,,,,2020-03
TELECOMMUNICATIONS,2026-01,10y,9,9,1.0,17.88888888888889,11.0,0,0,,,,2020-03
TELECOMMUNICATIONS,2026-01,5y,0,0,,,,0,0,,,,
TELECOMMUNICATIONS,2026-01,3y,0,0,,,,0,0,,,,
UNKNOWN,2026-01,lifetime,290,31,0.10689655172413794,-16.16551724137931,-4.0,123,75,0.6097560975609756,13.384000732638043,4.632191631914936,2025-12
UNKNOWN,2026-01,10y,276,31,0.11231884057971014,-10.13768115942029,0.0,111,69,0.6216216216216216,17.054517764708034,5.729018471526215,2025-12
UNKNOWN,2026-01,5y,223,31,0.13901345291479822,-6.744394618834081,-4.0,101,62,0.6138613861386139,18.236411164747473,5.729018471526215,2025-12
UNKNOWN,2026-01,3y,177,31,0.1751412429378531,-4.135593220338983,-5.0,84,48,0.5714285714285714,16.345934166188425,3.427125679442266,2025-12
URBAN DEVELOPMENT,2026-01,lifetime,33,31,0.96875,39.5,34.5,0,0,,,,2024-03
URBAN DEVELOPMENT,2026-01,10y,31,29,0.9666666666666667,39.3,34.5,0,0,,,,2024-03
URBAN DEVELOPMENT,2026-01,5y,12,11,1.0,41.0,28.0,0,0,,,,2024-03
URBAN DEVELOPMENT,2026-01,3y,2,2,1.0,48.0,48.0,0,0,,,,2024-03
WATER RESOURCES,2026-01,lifetime,9,9,1.0,17.77777777777778,19.0,0,0,,,,2022-03
WATER RESOURCES,2026-01,10y,9,9,1.0,17.77777777777778,19.0,0,0,,,,2022-03
WATER RESOURCES,2026-01,5y,8,8,1.0,19.25,20.5,0,0,,,,2022-03
WATER RESOURCES,2026-01,3y,0,0,,,,0,0,,,,
ATOMIC ENERGY,2026-02,lifetime,1,1,1.0,22.0,22.0,0,0,,,,2013-02
ATOMIC ENERGY,2026-02,10y,0,0,,,,0,0,,,,
ATOMIC ENERGY,2026-02,5y,0,0,,,,0,0,,,,
ATOMIC ENERGY,2026-02,3y,0,0,,,,0,0,,,,
CENTRAL SECTOR,2026-02,lifetime,674,585,0.9543230016313213,44.35562805872757,40.0,0,0,,,,2024-04
CENTRAL SECTOR,2026-02,10y,609,523,0.9509090909090909,44.52909090909091,41.0,0,0,,,,2024-04
CENTRAL SECTOR,2026-02,5y,470,414,0.9517241379310345,41.95862068965517,40.0,0,0,,,,2024-04
CENTRAL SECTOR,2026-02,3y,339,291,0.9356913183279743,38.28617363344051,39.0,0,0,,,,2024-04
CIVIL AVIATION,2026-02,lifetime,12,12,1.0,40.416666666666664,33.0,0,0,,,,2022-11
CIVIL AVIATION,2026-02,10y,4,4,1.0,83.75,79.0,0,0,,,,2022-11
CIVIL AVIATION,2026-02,5y,2,2,1.0,88.5,88.5,0,0,,,,2022-11
CIVIL AVIATION,2026-02,3y,0,0,,,,0,0,,,,
COAL,2026-02,lifetime,43,41,0.9534883720930233,41.46511627906977,33.0,0,0,,,,2024-04
COAL,2026-02,10y,33,31,0.9393939393939394,45.303030303030305,37.0,0,0,,,,2024-04
COAL,2026-02,5y,13,13,1.0,50.15384615384615,33.0,0,0,,,,2024-04
COAL,2026-02,3y,6,6,1.0,52.166666666666664,35.0,0,0,,,,2024-04
DEFENCE,2026-02,lifetime,1,1,1.0,50.0,50.0,0,0,,,,2024-04
DEFENCE,2026-02,10y,1,1,1.0,50.0,50.0,0,0,,,,2024-04
DEFENCE,2026-02,5y,1,1,1.0,50.0,50.0,0,0,,,,2024-04
DEFENCE,2026-02,3y,1,1,1.0,50.0,50.0,0,0,,,,2024-04
HEALTH AND FAMILY WELFARE,2026-02,lifetime,17,17,1.0,55.76470588235294,57.0,0,0,,,,2024-02
HEALTH AND FAMILY WELFARE,2026-02,10y,17,17,1.0,55.76470588235294,57.0,0,0,,,,2024-02
HEALTH AND FAMILY WELFARE,2026-02,5y,13,13,1.0,64.6923076923077,63.0,0,0,,,,2024-02
HEALTH AND FAMILY WELFARE,2026-02,3y,13,13,1.0,64.6923076923077,63.0,0,0,,,,2024-02
MINES,2026-02,lifetime,3,3,1.0,20.0,12.0,0,0,,,,2017-11
MINES,2026-02,10y,2,2,1.0,12.0,12.0,0,0,,,,2017-11
MINES,2026-02,5y,0,0,,,,0,0,,,,
MINES,2026-02,3y,0,0,,,,0,0,,,,
PETROLEUM,2026-02,lifetime,302,260,0.87248322147651,19.174496644295303,18.0,0,0,,,,2024-05
PETROLEUM,2026-02,10y,216,179,0.8325581395348837,16.53953488372093,17.0,0,0,,,,2024-05
PETROLEUM,2026-02,5y,126,102,0.816,13.84,19.0,0,0,,,,2024-05
PETROLEUM,2026-02,3y,67,46,0.696969696969697,7.242424242424242,20.0,0,0,,,,2024-05
PORTS,2026-02,lifetime,1,1,1.0,26.0,26.0,0,0,,,,2017-05
PORTS,2026-02,10y,1,1,1.0,26.0,26.0,0,0,,,,2017-05
PORTS,2026-02,5y,0,0,,,,0,0,,,,
PORTS,2026-02,3y,0,0,,,,0,0,,,,
POWER,2026-02,lifetime,249,220,0.8835341365461847,28.04016064257028,20.0,0,0,,,,2024-04
POWER,2026-02,10y,167,152,0.9101796407185628,33.51497005988024,26.0,0,0,,,,2024-04
POWER,2026-02,5y,61,59,0.9672131147540983,37.885245901639344,28.0,0,0,,,,2024-04
POWER,2026-02,3y,17,16,0.9411764705882353,35.294117647058826,25.0,0,0,,,,2024-04
RAILWAYS,2026-02,lifetime,197,158,0.9461077844311377,67.30538922155688,48.0,0,0,,,,2024-04
RAILWAYS,2026-02,10y,148,125,0.9765625,72.1953125,48.0,0,0,,,,2024-04
RAILWAYS,2026-02,5y,84,77,0.9871794871794872,63.794871794871796,38.0,0,0,,,,2024-04
RAILWAYS,2026-02,3y,35,30,0.967741935483871,64.61290322580645,43.0,0,0,,,,2024-04
ROAD TRANSPORT & HIGHWAYS,2026-02,lifetime,66,64,1.0,41.75,40.5,0,0,,,,2013-03
ROAD TRANSPORT & HIGHWAYS,2026-02,10y,0,0,,,,0,0,,,,
ROAD TRANSPORT & HIGHWAYS,2026-02,5y,0,0,,,,0,0,,,,
ROAD TRANSPORT & HIGHWAYS,2026-02,3y,0,0,,,,0,0,,,,
ROAD TRANSPORT AND HIGHWAYS,2026-02,lifetime,304,274,0.9750889679715302,52.8220640569395,48.0,0,0,,,,2024-04
ROAD TRANSPORT AND HIGHWAYS,2026-02,10y,297,268,0.9781021897810219,53.25912408759124,48.0,0,0,,,,2024-04
ROAD TRANSPORT AND HIGHWAYS,2026-02,5y,204,180,0.972972972972973,55.95135135135135,50.0,0,0,,,,2024-04
ROAD TRANSPORT AND HIGHWAYS,2026-02,3y,134,124,0.96875,46.203125,47.5,0,0,,,,2024-04
SHIPPING,2026-02,lifetime,26,23,0.8846153846153846,31.307692307692307,14.0,0,0,,,,2018-03
SHIPPING,2026-02,10y,3,3,1.0,40.0,11.0,0,0,,,,2018-03
SHIPPING,2026-02,5y,0,0,,,,0,0,,,,
SHIPPING,2026-02,3y,0,0,,,,0,0,,,,
STEEL,2026-02,lifetime,45,42,0.9767441860465116,32.116279069767444,30.0,0,0,,,,2023-09
STEEL,2026-02,10y,24,24,1.0,35.25,35.5,0,0,,,,2023-09
STEEL,2026-02,5y,10,10,1.0,47.0,41.5,0,0,,,,2023-09
STEEL,2026-02,3y,1,1,1.0,100.0,100.0,0,0,,,,2023-09
TELECOMMUNICATIONS,2026-02,lifetime,61,61,1.0,34.950819672131146,29.0,0,0,,,,2020-03
TELECOMMUNICATIONS,2026-02,10y,9,9,1.0,17.88888888888889,11.0,0,0,,,,2020-03
TELECOMMUNICATIONS,2026-02,5y,0,0,,,,0,0,,,,
TELECOMMUNICATIONS,2026-02,3y,0,0,,,,0,0,,,,
UNKNOWN,2026-02,lifetime,300,39,0.13043478260869565,-15.267558528428093,-2.0,129,77,0.5968992248062015,12.848798728061013,4.213371360350196,2026-01
UNKNOWN,2026-02,10y,286,39,0.1368421052631579,-9.385964912280702,0.0,117,71,0.6068376068376068,16.276191604170798,5.313573883161514,2026-01
UNKNOWN,2026-02,5y,232,39,0.16883116883116883,-5.7186147186147185,-2.0,106,63,0.5943396226415094,17.43875737559407,5.5212961773438645,2026-01
UNKNOWN,2026-02,3y,186,39,0.21081081081081082,-3.1027027027027025,-4.0,89,49,0.550561797752809,14.874676634600958,2.0229865853573603,2026-01
URBAN DEVELOPMENT,2026-02,lifetime,33,31,0.96875,39.5,34.5,0,0,,,,2024-03
URBAN DEVELOPMENT,2026-02,10y,30,28,0.9655172413793104,38.241379310344826,33.0,0,0,,,,2024-03
URBAN DEVELOPMENT,2026-02,5y,12,11,1.0,41.0,28.0,0,0,,,,2024-03
URBAN DEVELOPMENT,2026-02,3y,2,2,1.0,48.0,48.0,0,0,,,,2024-03
WATER RESOURCES,2026-02,lifetime,9,9,1.0,17.77777777777778,19.0,0,0,,,,2022-03
WATER RESOURCES,2026-02,10y,9,9,1.0,17.77777777777778,19.0,0,0,,,,2022-03
WATER RESOURCES,2026-02,5y,8,8,1.0,19.25,20.5,0,0,,,,2022-03
WATER RESOURCES,2026-02,3y,0,0,,,,0,0,,,,
ATOMIC ENERGY,2026-03,lifetime,1,1,1.0,22.0,22.0,0,0,,,,2013-02
ATOMIC ENERGY,2026-03,10y,0,0,,,,0,0,,,,
ATOMIC ENERGY,2026-03,5y,0,0,,,,0,0,,,,
ATOMIC ENERGY,2026-03,3y,0,0,,,,0,0,,,,
CENTRAL SECTOR,2026-03,lifetime,674,585,0.9543230016313213,44.35562805872757,40.0,0,0,,,,2024-04
CENTRAL SECTOR,2026-03,10y,609,523,0.9509090909090909,44.52909090909091,41.0,0,0,,,,2024-04
CENTRAL SECTOR,2026-03,5y,470,414,0.9517241379310345,41.95862068965517,40.0,0,0,,,,2024-04
CENTRAL SECTOR,2026-03,3y,339,291,0.9356913183279743,38.28617363344051,39.0,0,0,,,,2024-04
CIVIL AVIATION,2026-03,lifetime,12,12,1.0,40.416666666666664,33.0,0,0,,,,2022-11
CIVIL AVIATION,2026-03,10y,4,4,1.0,83.75,79.0,0,0,,,,2022-11
CIVIL AVIATION,2026-03,5y,2,2,1.0,88.5,88.5,0,0,,,,2022-11
CIVIL AVIATION,2026-03,3y,0,0,,,,0,0,,,,
COAL,2026-03,lifetime,43,41,0.9534883720930233,41.46511627906977,33.0,0,0,,,,2024-04
COAL,2026-03,10y,32,30,0.9375,46.0,37.0,0,0,,,,2024-04
COAL,2026-03,5y,13,13,1.0,50.15384615384615,33.0,0,0,,,,2024-04
COAL,2026-03,3y,6,6,1.0,52.166666666666664,35.0,0,0,,,,2024-04
DEFENCE,2026-03,lifetime,1,1,1.0,50.0,50.0,0,0,,,,2024-04
DEFENCE,2026-03,10y,1,1,1.0,50.0,50.0,0,0,,,,2024-04
DEFENCE,2026-03,5y,1,1,1.0,50.0,50.0,0,0,,,,2024-04
DEFENCE,2026-03,3y,1,1,1.0,50.0,50.0,0,0,,,,2024-04
HEALTH AND FAMILY WELFARE,2026-03,lifetime,17,17,1.0,55.76470588235294,57.0,0,0,,,,2024-02
HEALTH AND FAMILY WELFARE,2026-03,10y,17,17,1.0,55.76470588235294,57.0,0,0,,,,2024-02
HEALTH AND FAMILY WELFARE,2026-03,5y,13,13,1.0,64.6923076923077,63.0,0,0,,,,2024-02
HEALTH AND FAMILY WELFARE,2026-03,3y,12,12,1.0,67.41666666666667,63.5,0,0,,,,2024-02
MINES,2026-03,lifetime,3,3,1.0,20.0,12.0,0,0,,,,2017-11
MINES,2026-03,10y,2,2,1.0,12.0,12.0,0,0,,,,2017-11
MINES,2026-03,5y,0,0,,,,0,0,,,,
MINES,2026-03,3y,0,0,,,,0,0,,,,
PETROLEUM,2026-03,lifetime,302,260,0.87248322147651,19.174496644295303,18.0,0,0,,,,2024-05
PETROLEUM,2026-03,10y,215,178,0.8317757009345794,16.5,17.0,0,0,,,,2024-05
PETROLEUM,2026-03,5y,126,102,0.816,13.84,19.0,0,0,,,,2024-05
PETROLEUM,2026-03,3y,61,41,0.6833333333333333,6.016666666666667,20.0,0,0,,,,2024-05
PORTS,2026-03,lifetime,1,1,1.0,26.0,26.0,0,0,,,,2017-05
PORTS,2026-03,10y,1,1,1.0,26.0,26.0,0,0,,,,2017-05
PORTS,2026-03,5y,0,0,,,,0,0,,,,
PORTS,2026-03,3y,0,0,,,,0,0,,,,
POWER,2026-03,lifetime,249,220,0.8835341365461847,28.04016064257028,20.0,0,0,,,,2024-04
POWER,2026-03,10y,167,152,0.9101796407185628,33.51497005988024,26.0,0,0,,,,2024-04
POWER,2026-03,5y,61,59,0.9672131147540983,37.885245901639344,28.0,0,0,,,,2024-04
POWER,2026-03,3y,17,16,0.9411764705882353,35.294117647058826,25.0,0,0,,,,2024-04
RAILWAYS,2026-03,lifetime,197,158,0.9461077844311377,67.30538922155688,48.0,0,0,,,,2024-04
RAILWAYS,2026-03,10y,148,125,0.9765625,72.1953125,48.0,0,0,,,,2024-04
RAILWAYS,2026-03,5y,84,77,0.9871794871794872,63.794871794871796,38.0,0,0,,,,2024-04
RAILWAYS,2026-03,3y,35,30,0.967741935483871,64.61290322580645,43.0,0,0,,,,2024-04
ROAD TRANSPORT & HIGHWAYS,2026-03,lifetime,66,64,1.0,41.75,40.5,0,0,,,,2013-03
ROAD TRANSPORT & HIGHWAYS,2026-03,10y,0,0,,,,0,0,,,,
ROAD TRANSPORT & HIGHWAYS,2026-03,5y,0,0,,,,0,0,,,,
ROAD TRANSPORT & HIGHWAYS,2026-03,3y,0,0,,,,0,0,,,,
ROAD TRANSPORT AND HIGHWAYS,2026-03,lifetime,304,274,0.9750889679715302,52.8220640569395,48.0,0,0,,,,2024-04
ROAD TRANSPORT AND HIGHWAYS,2026-03,10y,297,268,0.9781021897810219,53.25912408759124,48.0,0,0,,,,2024-04
ROAD TRANSPORT AND HIGHWAYS,2026-03,5y,204,180,0.972972972972973,55.95135135135135,50.0,0,0,,,,2024-04
ROAD TRANSPORT AND HIGHWAYS,2026-03,3y,127,117,0.9669421487603306,45.239669421487605,46.0,0,0,,,,2024-04
SHIPPING,2026-03,lifetime,26,23,0.8846153846153846,31.307692307692307,14.0,0,0,,,,2018-03
SHIPPING,2026-03,10y,3,3,1.0,40.0,11.0,0,0,,,,2018-03
SHIPPING,2026-03,5y,0,0,,,,0,0,,,,
SHIPPING,2026-03,3y,0,0,,,,0,0,,,,
STEEL,2026-03,lifetime,45,42,0.9767441860465116,32.116279069767444,30.0,0,0,,,,2023-09
STEEL,2026-03,10y,24,24,1.0,35.25,35.5,0,0,,,,2023-09
STEEL,2026-03,5y,8,8,1.0,50.25,45.5,0,0,,,,2023-09
STEEL,2026-03,3y,1,1,1.0,100.0,100.0,0,0,,,,2023-09
TELECOMMUNICATIONS,2026-03,lifetime,61,61,1.0,34.950819672131146,29.0,0,0,,,,2020-03
TELECOMMUNICATIONS,2026-03,10y,9,9,1.0,17.88888888888889,11.0,0,0,,,,2020-03
TELECOMMUNICATIONS,2026-03,5y,0,0,,,,0,0,,,,
TELECOMMUNICATIONS,2026-03,3y,0,0,,,,0,0,,,,
UNKNOWN,2026-03,lifetime,307,42,0.13725490196078433,-14.800653594771243,-1.0,136,78,0.5735294117647058,12.093144331932441,3.201305875740797,2026-02
UNKNOWN,2026-03,10y,293,42,0.14383561643835616,-9.037671232876713,0.0,124,72,0.5806451612903226,15.25392750734617,4.0827474339118375,2026-02
UNKNOWN,2026-03,5y,239,42,0.17647058823529413,-5.399159663865547,-1.0,113,64,0.5663716814159292,16.244963495893032,3.952123507473479,2026-02
UNKNOWN,2026-03,3y,193,42,0.21875,-2.8020833333333335,-2.5,96,50,0.5208333333333334,13.656445976066948,0.7647875594815018,2026-02
URBAN DEVELOPMENT,2026-03,lifetime,33,31,0.96875,39.5,34.5,0,0,,,,2024-03
URBAN DEVELOPMENT,2026-03,10y,30,28,0.9655172413793104,38.241379310344826,33.0,0,0,,,,2024-03
URBAN DEVELOPMENT,2026-03,5y,12,11,1.0,41.0,28.0,0,0,,,,2024-03
URBAN DEVELOPMENT,2026-03,3y,2,2,1.0,48.0,48.0,0,0,,,,2024-03
WATER RESOURCES,2026-03,lifetime,9,9,1.0,17.77777777777778,19.0,0,0,,,,2022-03
WATER RESOURCES,2026-03,10y,9,9,1.0,17.77777777777778,19.0,0,0,,,,2022-03
WATER RESOURCES,2026-03,5y,8,8,1.0,19.25,20.5,0,0,,,,2022-03
WATER RESOURCES,2026-03,3y,0,0,,,,0,0,,,,
ATOMIC ENERGY,2026-04,lifetime,1,1,1.0,22.0,22.0,0,0,,,,2013-02
ATOMIC ENERGY,2026-04,10y,0,0,,,,0,0,,,,
ATOMIC ENERGY,2026-04,5y,0,0,,,,0,0,,,,
ATOMIC ENERGY,2026-04,3y,0,0,,,,0,0,,,,
CENTRAL SECTOR,2026-04,lifetime,674,585,0.9543230016313213,44.35562805872757,40.0,0,0,,,,2024-04
CENTRAL SECTOR,2026-04,10y,607,521,0.9507299270072993,44.59124087591241,41.0,0,0,,,,2024-04
CENTRAL SECTOR,2026-04,5y,464,408,0.951048951048951,41.83449883449884,40.0,0,0,,,,2024-04
CENTRAL SECTOR,2026-04,3y,144,122,0.8776978417266187,27.52517985611511,30.0,0,0,,,,2024-04
CIVIL AVIATION,2026-04,lifetime,12,12,1.0,40.416666666666664,33.0,0,0,,,,2022-11
CIVIL AVIATION,2026-04,10y,4,4,1.0,83.75,79.0,0,0,,,,2022-11
CIVIL AVIATION,2026-04,5y,2,2,1.0,88.5,88.5,0,0,,,,2022-11
CIVIL AVIATION,2026-04,3y,0,0,,,,0,0,,,,
COAL,2026-04,lifetime,43,41,0.9534883720930233,41.46511627906977,33.0,0,0,,,,2024-04
COAL,2026-04,10y,32,30,0.9375,46.0,37.0,0,0,,,,2024-04
COAL,2026-04,5y,13,13,1.0,50.15384615384615,33.0,0,0,,,,2024-04
COAL,2026-04,3y,6,6,1.0,52.166666666666664,35.0,0,0,,,,2024-04
DEFENCE,2026-04,lifetime,1,1,1.0,50.0,50.0,0,0,,,,2024-04
DEFENCE,2026-04,10y,1,1,1.0,50.0,50.0,0,0,,,,2024-04
DEFENCE,2026-04,5y,1,1,1.0,50.0,50.0,0,0,,,,2024-04
DEFENCE,2026-04,3y,1,1,1.0,50.0,50.0,0,0,,,,2024-04
HEALTH AND FAMILY WELFARE,2026-04,lifetime,17,17,1.0,55.76470588235294,57.0,0,0,,,,2024-02
HEALTH AND FAMILY WELFARE,2026-04,10y,17,17,1.0,55.76470588235294,57.0,0,0,,,,2024-02
HEALTH AND FAMILY WELFARE,2026-04,5y,13,13,1.0,64.6923076923077,63.0,0,0,,,,2024-02
HEALTH AND FAMILY WELFARE,2026-04,3y,12,12,1.0,67.41666666666667,63.5,0,0,,,,2024-02
MINES,2026-04,lifetime,3,3,1.0,20.0,12.0,0,0,,,,2017-11
MINES,2026-04,10y,2,2,1.0,12.0,12.0,0,0,,,,2017-11
MINES,2026-04,5y,0,0,,,,0,0,,,,
MINES,2026-04,3y,0,0,,,,0,0,,,,
PETROLEUM,2026-04,lifetime,302,260,0.87248322147651,19.174496644295303,18.0,0,0,,,,2024-05
PETROLEUM,2026-04,10y,214,177,0.8309859154929577,16.389671361502348,17.0,0,0,,,,2024-05
PETROLEUM,2026-04,5y,122,98,0.8099173553719008,13.685950413223141,19.0,0,0,,,,2024-05
PETROLEUM,2026-04,3y,60,40,0.6779661016949152,5.745762711864407,20.0,0,0,,,,2024-05
PORTS,2026-04,lifetime,1,1,1.0,26.0,26.0,0,0,,,,2017-05
PORTS,2026-04,10y,1,1,1.0,26.0,26.0,0,0,,,,2017-05
PORTS,2026-04,5y,0,0,,,,0,0,,,,
PORTS,2026-04,3y,0,0,,,,0,0,,,,
POWER,2026-04,lifetime,249,220,0.8835341365461847,28.04016064257028,20.0,0,0,,,,2024-04
POWER,2026-04,10y,160,145,0.90625,33.2875,25.0,0,0,,,,2024-04
POWER,2026-04,5y,61,59,0.9672131147540983,37.885245901639344,28.0,0,0,,,,2024-04
POWER,2026-04,3y,15,14,0.9333333333333333,35.4,25.0,0,0,,,,2024-04
RAILWAYS,2026-04,lifetime,197,158,0.9461077844311377,67.30538922155688,48.0,0,0,,,,2024-04
RAILWAYS,2026-04,10y,146,124,0.9763779527559056,72.7007874015748,48.0,0,0,,,,2024-04
RAILWAYS,2026-04,5y,84,77,0.9871794871794872,63.794871794871796,38.0,0,0,,,,2024-04
RAILWAYS,2026-04,3y,24,21,1.0,79.19047619047619,48.0,0,0,,,,2024-04
ROAD TRANSPORT & HIGHWAYS,2026-04,lifetime,66,64,1.0,41.75,40.5,0,0,,,,2013-03
ROAD TRANSPORT & HIGHWAYS,2026-04,10y,0,0,,,,0,0,,,,
ROAD TRANSPORT & HIGHWAYS,2026-04,5y,0,0,,,,0,0,,,,
ROAD TRANSPORT & HIGHWAYS,2026-04,3y,0,0,,,,0,0,,,,
ROAD TRANSPORT AND HIGHWAYS,2026-04,lifetime,304,274,0.9750889679715302,52.8220640569395,48.0,0,0,,,,2024-04
ROAD TRANSPORT AND HIGHWAYS,2026-04,10y,297,268,0.9781021897810219,53.25912408759124,48.0,0,0,,,,2024-04
ROAD TRANSPORT AND HIGHWAYS,2026-04,5y,191,167,0.9709302325581395,56.20348837209303,50.0,0,0,,,,2024-04
ROAD TRANSPORT AND HIGHWAYS,2026-04,3y,105,98,0.9607843137254902,43.029411764705884,40.0,0,0,,,,2024-04
SHIPPING,2026-04,lifetime,26,23,0.8846153846153846,31.307692307692307,14.0,0,0,,,,2018-03
SHIPPING,2026-04,10y,3,3,1.0,40.0,11.0,0,0,,,,2018-03
SHIPPING,2026-04,5y,0,0,,,,0,0,,,,
SHIPPING,2026-04,3y,0,0,,,,0,0,,,,
STEEL,2026-04,lifetime,45,42,0.9767441860465116,32.116279069767444,30.0,0,0,,,,2023-09
STEEL,2026-04,10y,23,23,1.0,35.95652173913044,36.0,0,0,,,,2023-09
STEEL,2026-04,5y,5,5,1.0,48.6,43.0,0,0,,,,2023-09
STEEL,2026-04,3y,1,1,1.0,100.0,100.0,0,0,,,,2023-09
TELECOMMUNICATIONS,2026-04,lifetime,61,61,1.0,34.950819672131146,29.0,0,0,,,,2020-03
TELECOMMUNICATIONS,2026-04,10y,8,8,1.0,12.0,10.5,0,0,,,,2020-03
TELECOMMUNICATIONS,2026-04,5y,0,0,,,,0,0,,,,
TELECOMMUNICATIONS,2026-04,3y,0,0,,,,0,0,,,,
UNKNOWN,2026-04,lifetime,322,53,0.16510903426791276,-13.598130841121495,0.0,146,82,0.5616438356164384,12.714703689375542,2.462557218384207,2026-03
UNKNOWN,2026-04,10y,308,53,0.17263843648208468,-8.061889250814332,0.0,134,76,0.5671641791044776,15.695269555350315,3.7263037037720093,2026-03
UNKNOWN,2026-04,5y,253,53,0.21031746031746032,-4.214285714285714,0.0,122,67,0.5491803278688525,15.394545953555795,3.201305875740797,2026-03
UNKNOWN,2026-04,3y,205,53,0.25980392156862747,-1.6813725490196079,-1.0,106,54,0.5094339622641509,14.365074747249473,0.6332900796791281,2026-03
URBAN DEVELOPMENT,2026-04,lifetime,33,31,0.96875,39.5,34.5,0,0,,,,2024-03
URBAN DEVELOPMENT,2026-04,10y,29,27,0.9642857142857143,38.964285714285715,34.5,0,0,,,,2024-03
URBAN DEVELOPMENT,2026-04,5y,7,7,1.0,32.0,26.0,0,0,,,,2024-03
URBAN DEVELOPMENT,2026-04,3y,1,1,1.0,72.0,72.0,0,0,,,,2024-03
WATER RESOURCES,2026-04,lifetime,9,9,1.0,17.77777777777778,19.0,0,0,,,,2022-03
WATER RESOURCES,2026-04,10y,9,9,1.0,17.77777777777778,19.0,0,0,,,,2022-03
WATER RESOURCES,2026-04,5y,8,8,1.0,19.25,20.5,0,0,,,,2022-03
WATER RESOURCES,2026-04,3y,0,0,,,,0,0,,,,
ATOMIC ENERGY,2026-05,lifetime,1,1,1.0,22.0,22.0,0,0,,,,2013-02
ATOMIC ENERGY,2026-05,10y,0,0,,,,0,0,,,,
ATOMIC ENERGY,2026-05,5y,0,0,,,,0,0,,,,
ATOMIC ENERGY,2026-05,3y,0,0,,,,0,0,,,,
CENTRAL SECTOR,2026-05,lifetime,674,585,0.9543230016313213,44.35562805872757,40.0,0,0,,,,2024-04
CENTRAL SECTOR,2026-05,10y,607,521,0.9507299270072993,44.59124087591241,41.0,0,0,,,,2024-04
CENTRAL SECTOR,2026-05,5y,464,408,0.951048951048951,41.83449883449884,40.0,0,0,,,,2024-04
CENTRAL SECTOR,2026-05,3y,144,122,0.8776978417266187,27.52517985611511,30.0,0,0,,,,2024-04
CIVIL AVIATION,2026-05,lifetime,12,12,1.0,40.416666666666664,33.0,0,0,,,,2022-11
CIVIL AVIATION,2026-05,10y,4,4,1.0,83.75,79.0,0,0,,,,2022-11
CIVIL AVIATION,2026-05,5y,2,2,1.0,88.5,88.5,0,0,,,,2022-11
CIVIL AVIATION,2026-05,3y,0,0,,,,0,0,,,,
COAL,2026-05,lifetime,43,41,0.9534883720930233,41.46511627906977,33.0,0,0,,,,2024-04
COAL,2026-05,10y,30,28,0.9333333333333333,47.8,37.0,0,0,,,,2024-04
COAL,2026-05,5y,13,13,1.0,50.15384615384615,33.0,0,0,,,,2024-04
COAL,2026-05,3y,6,6,1.0,52.166666666666664,35.0,0,0,,,,2024-04
DEFENCE,2026-05,lifetime,1,1,1.0,50.0,50.0,0,0,,,,2024-04
DEFENCE,2026-05,10y,1,1,1.0,50.0,50.0,0,0,,,,2024-04
DEFENCE,2026-05,5y,1,1,1.0,50.0,50.0,0,0,,,,2024-04
DEFENCE,2026-05,3y,1,1,1.0,50.0,50.0,0,0,,,,2024-04
HEALTH AND FAMILY WELFARE,2026-05,lifetime,17,17,1.0,55.76470588235294,57.0,0,0,,,,2024-02
HEALTH AND FAMILY WELFARE,2026-05,10y,17,17,1.0,55.76470588235294,57.0,0,0,,,,2024-02
HEALTH AND FAMILY WELFARE,2026-05,5y,13,13,1.0,64.6923076923077,63.0,0,0,,,,2024-02
HEALTH AND FAMILY WELFARE,2026-05,3y,11,11,1.0,70.27272727272727,64.0,0,0,,,,2024-02
MINES,2026-05,lifetime,3,3,1.0,20.0,12.0,0,0,,,,2017-11
MINES,2026-05,10y,2,2,1.0,12.0,12.0,0,0,,,,2017-11
MINES,2026-05,5y,0,0,,,,0,0,,,,
MINES,2026-05,3y,0,0,,,,0,0,,,,
PETROLEUM,2026-05,lifetime,302,260,0.87248322147651,19.174496644295303,18.0,0,0,,,,2024-05
PETROLEUM,2026-05,10y,214,177,0.8309859154929577,16.389671361502348,17.0,0,0,,,,2024-05
PETROLEUM,2026-05,5y,122,98,0.8099173553719008,13.685950413223141,19.0,0,0,,,,2024-05
PETROLEUM,2026-05,3y,53,35,0.660377358490566,3.30188679245283,19.0,0,0,,,,2024-05
PORTS,2026-05,lifetime,1,1,1.0,26.0,26.0,0,0,,,,2017-05
PORTS,2026-05,10y,1,1,1.0,26.0,26.0,0,0,,,,2017-05
PORTS,2026-05,5y,0,0,,,,0,0,,,,
PORTS,2026-05,3y,0,0,,,,0,0,,,,
POWER,2026-05,lifetime,249,220,0.8835341365461847,28.04016064257028,20.0,0,0,,,,2024-04
POWER,2026-05,10y,160,145,0.90625,33.2875,25.0,0,0,,,,2024-04
POWER,2026-05,5y,61,59,0.9672131147540983,37.885245901639344,28.0,0,0,,,,2024-04
POWER,2026-05,3y,8,7,0.875,32.625,14.0,0,0,,,,2024-04
RAILWAYS,2026-05,lifetime,197,158,0.9461077844311377,67.30538922155688,48.0,0,0,,,,2024-04
RAILWAYS,2026-05,10y,146,124,0.9763779527559056,72.7007874015748,48.0,0,0,,,,2024-04
RAILWAYS,2026-05,5y,84,77,0.9871794871794872,63.794871794871796,38.0,0,0,,,,2024-04
RAILWAYS,2026-05,3y,24,21,1.0,79.19047619047619,48.0,0,0,,,,2024-04
ROAD TRANSPORT & HIGHWAYS,2026-05,lifetime,66,64,1.0,41.75,40.5,0,0,,,,2013-03
ROAD TRANSPORT & HIGHWAYS,2026-05,10y,0,0,,,,0,0,,,,
ROAD TRANSPORT & HIGHWAYS,2026-05,5y,0,0,,,,0,0,,,,
ROAD TRANSPORT & HIGHWAYS,2026-05,3y,0,0,,,,0,0,,,,
ROAD TRANSPORT AND HIGHWAYS,2026-05,lifetime,304,274,0.9750889679715302,52.8220640569395,48.0,0,0,,,,2024-04
ROAD TRANSPORT AND HIGHWAYS,2026-05,10y,279,252,0.9767441860465116,52.554263565891475,48.0,0,0,,,,2024-04
ROAD TRANSPORT AND HIGHWAYS,2026-05,5y,191,167,0.9709302325581395,56.20348837209303,50.0,0,0,,,,2024-04
ROAD TRANSPORT AND HIGHWAYS,2026-05,3y,105,98,0.9607843137254902,43.029411764705884,40.0,0,0,,,,2024-04
SHIPPING,2026-05,lifetime,26,23,0.8846153846153846,31.307692307692307,14.0,0,0,,,,2018-03
SHIPPING,2026-05,10y,3,3,1.0,40.0,11.0,0,0,,,,2018-03
SHIPPING,2026-05,5y,0,0,,,,0,0,,,,
SHIPPING,2026-05,3y,0,0,,,,0,0,,,,
STEEL,2026-05,lifetime,45,42,0.9767441860465116,32.116279069767444,30.0,0,0,,,,2023-09
STEEL,2026-05,10y,23,23,1.0,35.95652173913044,36.0,0,0,,,,2023-09
STEEL,2026-05,5y,5,5,1.0,48.6,43.0,0,0,,,,2023-09
STEEL,2026-05,3y,1,1,1.0,100.0,100.0,0,0,,,,2023-09
TELECOMMUNICATIONS,2026-05,lifetime,61,61,1.0,34.950819672131146,29.0,0,0,,,,2020-03
TELECOMMUNICATIONS,2026-05,10y,8,8,1.0,12.0,10.5,0,0,,,,2020-03
TELECOMMUNICATIONS,2026-05,5y,0,0,,,,0,0,,,,
TELECOMMUNICATIONS,2026-05,3y,0,0,,,,0,0,,,,
UNKNOWN,2026-05,lifetime,329,59,0.1798780487804878,-12.859756097560975,0.0,148,83,0.5608108108108109,13.034826116040731,2.462557218384207,2026-04
UNKNOWN,2026-05,10y,315,59,0.18789808917197454,-7.414012738853503,0.0,136,77,0.5661764705882353,15.999806227515743,3.7263037037720093,2026-04
UNKNOWN,2026-05,5y,259,59,0.22868217054263565,-3.3372093023255816,0.0,123,67,0.5447154471544715,15.680738958718822,2.902127851411054,2026-04
UNKNOWN,2026-05,3y,208,59,0.28502415458937197,-0.8309178743961353,0.0,108,55,0.5092592592592593,14.773198608644842,0.6332900796791281,2026-04
URBAN DEVELOPMENT,2026-05,lifetime,33,31,0.96875,39.5,34.5,0,0,,,,2024-03
URBAN DEVELOPMENT,2026-05,10y,29,27,0.9642857142857143,38.964285714285715,34.5,0,0,,,,2024-03
URBAN DEVELOPMENT,2026-05,5y,7,7,1.0,32.0,26.0,0,0,,,,2024-03
URBAN DEVELOPMENT,2026-05,3y,1,1,1.0,72.0,72.0,0,0,,,,2024-03
WATER RESOURCES,2026-05,lifetime,9,9,1.0,17.77777777777778,19.0,0,0,,,,2022-03
WATER RESOURCES,2026-05,10y,9,9,1.0,17.77777777777778,19.0,0,0,,,,2022-03
WATER RESOURCES,2026-05,5y,8,8,1.0,19.25,20.5,0,0,,,,2022-03
WATER RESOURCES,2026-05,3y,0,0,,,,0,0,,,,
ATOMIC ENERGY,2026-06,lifetime,1,1,1.0,22.0,22.0,0,0,,,,2013-02
ATOMIC ENERGY,2026-06,10y,0,0,,,,0,0,,,,
ATOMIC ENERGY,2026-06,5y,0,0,,,,0,0,,,,
ATOMIC ENERGY,2026-06,3y,0,0,,,,0,0,,,,
CENTRAL SECTOR,2026-06,lifetime,674,585,0.9543230016313213,44.35562805872757,40.0,0,0,,,,2024-04
CENTRAL SECTOR,2026-06,10y,607,521,0.9507299270072993,44.59124087591241,41.0,0,0,,,,2024-04
CENTRAL SECTOR,2026-06,5y,464,408,0.951048951048951,41.83449883449884,40.0,0,0,,,,2024-04
CENTRAL SECTOR,2026-06,3y,144,122,0.8776978417266187,27.52517985611511,30.0,0,0,,,,2024-04
CIVIL AVIATION,2026-06,lifetime,12,12,1.0,40.416666666666664,33.0,0,0,,,,2022-11
CIVIL AVIATION,2026-06,10y,4,4,1.0,83.75,79.0,0,0,,,,2022-11
CIVIL AVIATION,2026-06,5y,2,2,1.0,88.5,88.5,0,0,,,,2022-11
CIVIL AVIATION,2026-06,3y,0,0,,,,0,0,,,,
COAL,2026-06,lifetime,43,41,0.9534883720930233,41.46511627906977,33.0,0,0,,,,2024-04
COAL,2026-06,10y,30,28,0.9333333333333333,47.8,37.0,0,0,,,,2024-04
COAL,2026-06,5y,13,13,1.0,50.15384615384615,33.0,0,0,,,,2024-04
COAL,2026-06,3y,6,6,1.0,52.166666666666664,35.0,0,0,,,,2024-04
DEFENCE,2026-06,lifetime,1,1,1.0,50.0,50.0,0,0,,,,2024-04
DEFENCE,2026-06,10y,1,1,1.0,50.0,50.0,0,0,,,,2024-04
DEFENCE,2026-06,5y,1,1,1.0,50.0,50.0,0,0,,,,2024-04
DEFENCE,2026-06,3y,1,1,1.0,50.0,50.0,0,0,,,,2024-04
HEALTH AND FAMILY WELFARE,2026-06,lifetime,17,17,1.0,55.76470588235294,57.0,0,0,,,,2024-02
HEALTH AND FAMILY WELFARE,2026-06,10y,17,17,1.0,55.76470588235294,57.0,0,0,,,,2024-02
HEALTH AND FAMILY WELFARE,2026-06,5y,13,13,1.0,64.6923076923077,63.0,0,0,,,,2024-02
HEALTH AND FAMILY WELFARE,2026-06,3y,11,11,1.0,70.27272727272727,64.0,0,0,,,,2024-02
MINES,2026-06,lifetime,3,3,1.0,20.0,12.0,0,0,,,,2017-11
MINES,2026-06,10y,2,2,1.0,12.0,12.0,0,0,,,,2017-11
MINES,2026-06,5y,0,0,,,,0,0,,,,
MINES,2026-06,3y,0,0,,,,0,0,,,,
PETROLEUM,2026-06,lifetime,302,260,0.87248322147651,19.174496644295303,18.0,0,0,,,,2024-05
PETROLEUM,2026-06,10y,213,176,0.8301886792452831,16.38679245283019,17.0,0,0,,,,2024-05
PETROLEUM,2026-06,5y,120,96,0.8067226890756303,13.697478991596638,19.0,0,0,,,,2024-05
PETROLEUM,2026-06,3y,53,35,0.660377358490566,3.30188679245283,19.0,0,0,,,,2024-05
PORTS,2026-06,lifetime,1,1,1.0,26.0,26.0,0,0,,,,2017-05
PORTS,2026-06,10y,1,1,1.0,26.0,26.0,0,0,,,,2017-05
PORTS,2026-06,5y,0,0,,,,0,0,,,,
PORTS,2026-06,3y,0,0,,,,0,0,,,,
POWER,2026-06,lifetime,249,220,0.8835341365461847,28.04016064257028,20.0,0,0,,,,2024-04
POWER,2026-06,10y,160,145,0.90625,33.2875,25.0,0,0,,,,2024-04
POWER,2026-06,5y,61,59,0.9672131147540983,37.885245901639344,28.0,0,0,,,,2024-04
POWER,2026-06,3y,8,7,0.875,32.625,14.0,0,0,,,,2024-04
RAILWAYS,2026-06,lifetime,197,158,0.9461077844311377,67.30538922155688,48.0,0,0,,,,2024-04
RAILWAYS,2026-06,10y,146,124,0.9763779527559056,72.7007874015748,48.0,0,0,,,,2024-04
RAILWAYS,2026-06,5y,84,77,0.9871794871794872,63.794871794871796,38.0,0,0,,,,2024-04
RAILWAYS,2026-06,3y,24,21,1.0,79.19047619047619,48.0,0,0,,,,2024-04
ROAD TRANSPORT & HIGHWAYS,2026-06,lifetime,66,64,1.0,41.75,40.5,0,0,,,,2013-03
ROAD TRANSPORT & HIGHWAYS,2026-06,10y,0,0,,,,0,0,,,,
ROAD TRANSPORT & HIGHWAYS,2026-06,5y,0,0,,,,0,0,,,,
ROAD TRANSPORT & HIGHWAYS,2026-06,3y,0,0,,,,0,0,,,,
ROAD TRANSPORT AND HIGHWAYS,2026-06,lifetime,304,274,0.9750889679715302,52.8220640569395,48.0,0,0,,,,2024-04
ROAD TRANSPORT AND HIGHWAYS,2026-06,10y,279,252,0.9767441860465116,52.554263565891475,48.0,0,0,,,,2024-04
ROAD TRANSPORT AND HIGHWAYS,2026-06,5y,188,164,0.9704142011834319,56.437869822485204,50.0,0,0,,,,2024-04
ROAD TRANSPORT AND HIGHWAYS,2026-06,3y,96,90,0.967741935483871,46.27956989247312,43.0,0,0,,,,2024-04
SHIPPING,2026-06,lifetime,26,23,0.8846153846153846,31.307692307692307,14.0,0,0,,,,2018-03
SHIPPING,2026-06,10y,3,3,1.0,40.0,11.0,0,0,,,,2018-03
SHIPPING,2026-06,5y,0,0,,,,0,0,,,,
SHIPPING,2026-06,3y,0,0,,,,0,0,,,,
STEEL,2026-06,lifetime,45,42,0.9767441860465116,32.116279069767444,30.0,0,0,,,,2023-09
STEEL,2026-06,10y,21,21,1.0,35.904761904761905,35.0,0,0,,,,2023-09
STEEL,2026-06,5y,5,5,1.0,48.6,43.0,0,0,,,,2023-09
STEEL,2026-06,3y,1,1,1.0,100.0,100.0,0,0,,,,2023-09
TELECOMMUNICATIONS,2026-06,lifetime,61,61,1.0,34.950819672131146,29.0,0,0,,,,2020-03
TELECOMMUNICATIONS,2026-06,10y,8,8,1.0,12.0,10.5,0,0,,,,2020-03
TELECOMMUNICATIONS,2026-06,5y,0,0,,,,0,0,,,,
TELECOMMUNICATIONS,2026-06,3y,0,0,,,,0,0,,,,
UNKNOWN,2026-06,lifetime,339,67,0.19822485207100593,-11.961538461538462,0.0,155,88,0.567741935483871,13.019884442573057,3.50048390007054,2026-05
UNKNOWN,2026-06,10y,325,67,0.20679012345679013,-6.645061728395062,0.0,143,82,0.5734265734265734,15.838471820747806,4.213371360350196,2026-05
UNKNOWN,2026-06,5y,269,67,0.25,-2.5597014925373136,0.0,130,72,0.5538461538461539,15.520451656517004,3.7263037037720093,2026-05
UNKNOWN,2026-06,3y,214,67,0.3145539906103286,0.29577464788732394,0.0,113,59,0.5221238938053098,14.984910576152501,0.8239479037628848,2026-05
URBAN DEVELOPMENT,2026-06,lifetime,33,31,0.96875,39.5,34.5,0,0,,,,2024-03
URBAN DEVELOPMENT,2026-06,10y,27,25,0.9615384615384616,39.38461538461539,34.5,0,0,,,,2024-03
URBAN DEVELOPMENT,2026-06,5y,7,7,1.0,32.0,26.0,0,0,,,,2024-03
URBAN DEVELOPMENT,2026-06,3y,1,1,1.0,72.0,72.0,0,0,,,,2024-03
WATER RESOURCES,2026-06,lifetime,9,9,1.0,17.77777777777778,19.0,0,0,,,,2022-03
WATER RESOURCES,2026-06,10y,9,9,1.0,17.77777777777778,19.0,0,0,,,,2022-03
WATER RESOURCES,2026-06,5y,8,8,1.0,19.25,20.5,0,0,,,,2022-03
WATER RESOURCES,2026-06,3y,0,0,,,,0,0,,,,
