project_id,project_name,agency,legacy_ocms_code,state,approval_start_date,actual_completion_date,original_completion_date,revised_completion_date,original_cost_crore,revised_cost_crore,cumulative_expenditure_crore,report_month,source_file,source_table
N04000075,UPGRADATION OF PASSENGER TERMINAL BUILDING AND AIRSIDE FACILITIES AT TIRUCHIRAPALLI INTERNATIONAL AI,AAI,N04000075,N04000075,,2021-10,2021-10,,951.28,,1084.94,2025-04,FRApril2025.pdf,Table 3: Completed Projects
N04000086,"CO CIVIL AVIATION REASEARCH ORG. (PH-II) AT BEGUMPET AIRPORT, HYDRABAD",PH-II,N04000086,AAI,,2022-05,2022-05,,353.61,,303.22,2025-04,FRApril2025.pdf,Table 3: Completed Projects
N04000089,EXT AND STR. OF EXISTING RUNWAY 08/26 AT TIRUPATI AIRPORT PETROLEUM,AAI,N04000089,N04000089,,2020-02,2020-02,,177.1,,143.08,2025-04,FRApril2025.pdf,Table 3: Completed Projects
N16000343,REVAMPING OF FACILITIES AT VIZAG TERMINAL,IOCL,N16000343,N16000343,,2022-04,2022-04,,355.0,,249.0,2025-04,FRApril2025.pdf,Table 3: Completed Projects
N16000358,MUMBAI HIGH NORTH REDEVELOPMENT PHASE-IV,ONGC,N16000358,N16000358,,2022-03,2022-03,,3228.8,,3867.19,2025-04,FRApril2025.pdf,Table 3: Completed Projects
N16000413,AUGMENTATION OF FACILITIES AT THE EXISTING RAIPUR DEPOT POWER,HPCL,N16000413,N16000413,,2024-03,2024-03,,456.0,,271.44,2025-04,FRApril2025.pdf,Table 3: Completed Projects
N18000338,TRANSMISSION NETWORK EXPANSION IN GUJARAT TO INCREASE ATC FROM ISTS: PART C,PGCIL,N18000338,N18000338,,2025-03,2025-03,,186.19,,91.53,2025-04,FRApril2025.pdf,Table 3: Completed Projects
N18000354,TRANSMISSION SYSTEM ASSOCIATED WITH WESTERN REGION EXPANSION SCHEME XXVII,PGCIL,N18000354,N18000354,,2024-09,2024-09,,271.69,,192.03,2025-04,FRApril2025.pdf,Table 3: Completed Projects
N18000355,TRANSMISSION SYSTEM ASSOCIATED WITH WESTERN REGION EXPANSION SCHEME-XXVIII AND XXIX ROAD TRANSPORT AND HIGHWAYS,PGCIL,N18000355,N18000355,,2025-03,2025-03,,260.3,,197.79,2025-04,FRApril2025.pdf,Table 3: Completed Projects
N24000552,4-LANNING EXISTING KM 189.700 TO 237.00] HASSAN TO MARANAHALLY,NHAI,N24000552,N24000552,,2019-03,2019-03,,701.4,,923.99,2025-04,FRApril2025.pdf,Table 3: Completed Projects
N24000796,CONSTRUCTION OF NH-24 EXTENSION 4-LANE BYPASS STARTING FROM BEHTA ROAD AND TERMINATING AT SITAPUR RO,NHAI,N24000796,N24000796,,2021-12,2021-12,,1117.84,,1960.91,2025-04,FRApril2025.pdf,Table 3: Completed Projects
N24000859,WIDENING AND UP-GRADATION TO 2-LANE WITH PAVED SHOULDER CONFIGURATION AND GEOMETRIC IMPROVEMENTS FRO,NHIDCL,N24000859,N24000859,,2023-06,2023-06,,642.96,,686.42,2025-04,FRApril2025.pdf,Table 3: Completed Projects
N24000941,REHABILITATION AND UPGRADATION TO 2 LANE WITH PAVED SHOULDER OF MOGA (DESIGN CH 0.000) TO MAKHU (DES,DESIGN CH 0.000,N24000941,MoRTH,,2020-08,2020-08,,293.64,,295.46,2025-04,FRApril2025.pdf,Table 3: Completed Projects
N24000948,CONSTRUCTION OF 2 LANING OF EXISTING HUNLI- ANINI ROAD ON EPC BASIS FROM DESIGN KM 53.500 TO KM 92.50,NHIDCL,N24000948,N24000948,,2019-12,2019-12,,568.92,,508.65,2025-04,FRApril2025.pdf,Table 3: Completed Projects
N24001027,SHAHPUR PATGAON SECTION I,MoRTH,N24001027,N24001027,,2019-12,2019-12,,150.79,,81.14,2025-04,FRApril2025.pdf,Table 3: Completed Projects
N24001039,JINTUR TO PARBHANI,MoRTH,N24001039,N24001039,,,,,356.66,,209.48,2025-04,FRApril2025.pdf,Table 3: Completed Projects
N24001081,HIMAYATNAGAR TO PHULSAWANGI,MoRTH,N24001081,N24001081,,2019-12,2019-12,,294.87,,183.17,2025-04,FRApril2025.pdf,Table 3: Completed Projects
N24001095,SATARA MURVAD PILLOV PANDHARPUR,MoRTH,N24001095,N24001095,,,,,388.44,,240.05,2025-04,FRApril2025.pdf,Table 3: Completed Projects
N24001097,SELDOH TO PANVAR,MoRTH,N24001097,N24001097,,2020-05,2020-05,,404.33,,140.65,2025-04,FRApril2025.pdf,Table 3: Completed Projects
N24001111,KOLHA TO NASRATPUR,MoRTH,N24001111,N24001111,,2019-04,2019-04,,281.78,,77.83,2025-04,FRApril2025.pdf,Table 3: Completed Projects
N24001127,KUMBHARI PHTA TO DEULGAON RAJA,MoRTH,N24001127,N24001127,,2019-06,2019-06,,406.51,,340.26,2025-04,FRApril2025.pdf,Table 3: Completed Projects
N24001277,"CONSTRUCTION OF CHHIATHLANG -SERCHHIP BYPASS Total 22,819.05 18,457.95",PKG-1,N24001277,NHIDCL,,2022-10,2022-10,,275.02,,237.68,2025-04,FRApril2025.pdf,Table 3: Completed Projects
N24001451,DIBRUGARH-LAHOAL-CHABUA BYPASS PACKAGE-1,NHIDCL,N24001451,N24001451,,2024-07,2024-07,,215.27,,105.4,2025-04,FRApril2025.pdf,Table 3: Completed Projects
N24001675,6L OF MH/KN BORDER (NIMBAL VILLAGE) TO KN/TS BORDER (SINGNODI VILLAGE) FROM KM. 162.5 TO KM. 203.100,NIMBAL VILLAGE,N24001675,SINGNODI VILLAGE,,2025-05,2025-05,,1732.73,,754.79,2025-04,FRApril2025.pdf,Table 3: Completed Projects
N24001683,AURAD - BIDAR KM 0.00 TO KM 45.878,NHAI,N24001683,N24001683,,2023-04,2023-04,,912.37,,255.94,2025-04,FRApril2025.pdf,Table 3: Completed Projects
N24001686,FOUR LANING OF BANAVARA TO BETTADAHALLI SECTION FROM KM. 119+790 (DESIGN KM. 121+900) TO KM. 166+100,NHAI,N24001686,N24001686,,2023-03,2023-03,,1065.06,,736.55,2025-04,FRApril2025.pdf,Table 3: Completed Projects
N24001691,FOUR LANING OF KARADI TO BANAVARA SECTION FROM KM. 66+540 (DESIGN KM. 65+195) TO KM. 119+790,NHAI,N24001691,N24001691,,2021-10,2021-10,,1225.24,,1043.0,2025-04,FRApril2025.pdf,Table 3: Completed Projects
N24001728,"IMPROVEMENT AND UP-GRADATION OF EXISTING ROAD TO 4L PS FROM KM 175.080 TO 229.070, FROM END OF HARDO",NHAI,N24001728,N24001728,,2025-07,2025-07,,1138.81,,528.1,2025-04,FRApril2025.pdf,Table 3: Completed Projects
N24001783,CONSTRUCTION OF 8LANE EXPRESSWAY NE4 STARTING BEFORE KMP EXPRESSWAY AND ENDS AT CH. 47+000 NEAR KHAN,NHAI,N24001783,N24001783,,2021-09,2021-09,,2252.75,,1223.07,2025-04,FRApril2025.pdf,Table 3: Completed Projects
N24001791,SANCHORE - SANTALPUR FROM KM 4.888 - KM 35.000 OF NH-754K (AJ-RGBS-PACKAGE-1),AJ-RGBS-PACKAGE-1,N24001791,NHAI,,2023-06,2023-06,,606.51,,453.89,2025-04,FRApril2025.pdf,Table 3: Completed Projects
N24001931,4 LANING OF BATHALAPALLI TO MUDIGUBBA SECTION BATH,DESIGN CHAINAGE KM. 96.300 TO 129.300,N24001931,MoRTH,,2025-02,2025-02,,536.0,,334.06,2025-04,FRApril2025.pdf,Table 3: Completed Projects
N24001949,NH167B FROM KM 99.103 CS PURAM TO KM 143.320 MALAKONDA TO 2LPS,MoRTH,N24001949,N24001949,,2024-03,2024-03,,277.3,,206.25,2025-04,FRApril2025.pdf,Table 3: Completed Projects
N24001950,NH167B FROM KM.143.320 MALAKONDA TO 189.050 SINGARAYAKONDA ON NH 16 TO TWO LANE WITH PAVED SHOULDERS,MoRTH,N24001950,N24001950,,2025-02,2025-02,,369.81,,303.78,2025-04,FRApril2025.pdf,Table 3: Completed Projects
N24002141,2 LANE WITH PAVED SHOULDER CONFIGURATION FROM SEETHARAMAPURAM TO DUTTALURU SECTION OF NH-167 BG FROM,MoRTH,N24002141,N24002141,,2025-07,2025-07,,364.07,,227.21,2025-04,FRApril2025.pdf,Table 3: Completed Projects
180100210,PARBATI HEP (4X200 MW) (NHPC) II RAILWAYS,4X200 MW,180100210,NHPC,,2009-09,2009-09,,3919.59,,12832.59,2025-05,FR_May2025.pdf,Table 3: Completed Projects
220100133,"UDHAMPUR-SRINAGAR-BARAMULLA (NL),NR",NL,220100133,NR,,2024-08,2024-08,,37012.0,,42328.83,2025-05,FR_May2025.pdf,Table 3: Completed Projects
N06000189,TALABIRA II AND III OCP HEALTH AND FAMILY WELFARE,NLC,N06000189,N06000189,,2027-01,2027-01,,2401.07,,1626.71,2025-05,FR_May2025.pdf,Table 3: Completed Projects
N16000361,ADDITIONAL STORAGE TANKS AT PARADIP POWER,IOCL,N16000361,N16000361,,2021-09,2021-09,,462.3,,493.72,2025-05,FR_May2025.pdf,Table 3: Completed Projects
N22000183,NEW BONGAIGAON-RANGIA-KAMAKGHYA DOUBLING,NFR,N22000183,N22000183,,2024-08,2024-08,,2047.51,,3709.47,2025-05,FR_May2025.pdf,Table 3: Completed Projects
N22000401,VARANASI-MODHOSINGH-ALLAHABAD DOUBLING,RVNL,N22000401,N22000401,,2024-12,2024-12,,2018.23,,1780.22,2025-05,FR_May2025.pdf,Table 3: Completed Projects
N22000417,2880.4,ECR,N22000417,N22000417,,2024-08,2024-08,,2880.4,,3074.78,2025-05,FR_May2025.pdf,Table 3: Completed Projects
N22000418,EXECUTION OF RAIL CONNECTIVITY PROJECT FOR COAL TRANSPORTATION IN ODISHA FOR MCRL,IRCON,N22000418,N22000418,,2020-03,2020-03,,5200.0,,389.0,2025-05,FR_May2025.pdf,Table 3: Completed Projects
N22000419,KARAILA ROAD - SHAKTINAGAR DOUBLING,ECR,N22000419,N22000419,,2024-08,2024-08,,762.97,,808.96,2025-05,FR_May2025.pdf,Table 3: Completed Projects
N22000502,"MANSA-BHATINDA (PHASE-I), INCL. NEW MATERIAL MODIFICATION FOR RAMA MANDI (RAMAN) - SADA SINGHWALA VI",PHASE-I,N22000502,RAMAN,,2016-08,2016-08,,404.0,,190.0,2025-05,FR_May2025.pdf,Table 3: Completed Projects
N22000505,MEHSANA PALANPUR DOUBLING PROJECT 65.10 KMS ROAD TRANSPORT AND HIGHWAYS,WR,N22000505,N22000505,,2024-03,2024-03,,537.31,,944.55,2025-05,FR_May2025.pdf,Table 3: Completed Projects
N22000523,DARBHANGA - BYPASS LINE CONNECTING SHISHO HALT AND KAKARGHATI EXCL DARBHANGA YARD (7.64 KM),7.64 KM,N22000523,ECR,,2025-06,2025-06,,983.62,,417.57,2025-05,FR_May2025.pdf,Table 3: Completed Projects
N22000609,AZIMGANJ-MURSHIDABAD (JIYAGANJ) INCL. RLY. BRIDGE OVER RIVER BHAGIRATHI,JIYAGANJ,N22000609,ER,,2024-02,2024-02,,164.33,,160.82,2025-05,FR_May2025.pdf,Table 3: Completed Projects
N24000567,FOUR LANING OF BHAVNAGAR-TALAJA SECTION OF NH-8E FROM KM. 7.090 TO KM. 53.585 (DESIGN CH FROM KM. 6.,NHAI,N24000567,N24000567,,2019-08,2019-08,,998.18,,1105.25,2025-05,FR_May2025.pdf,Table 3: Completed Projects
N24000570,"FOUR LANING OF UNA TO KODINAR OF NH-8E FROM KM. 180.478 TO KM 221.610 (PACKAGE-V) IN THE STATE OF GU Total 81,224.62 88,524.42",PACKAGE-V,N24000570,NHAI,,2019-08,2019-08,,763.08,,734.78,2025-05,FR_May2025.pdf,Table 3: Completed Projects
N24000709,BALANCE WORK FOR FOUR LANING OF ITARSI TO BETUL SECTION OF NH69 FROM KM 63.000 TO KM 137.00 (DESIGN,NHAI,N24000709,N24000709,,2020-02,2020-02,,950.27,,643.9,2025-05,FR_May2025.pdf,Table 3: Completed Projects
N24001179,CONSTRUCTION OF 2 LANE WITH PAVED SHOULDER FROM KM. 168 TO 183.783 (YESEMYONG TO UNGER) ON MOKOKCHUN,YESEMYONG TO UNGER,N24001179,MoRTH,,2020-11,2020-11,,217.35,,214.18,2025-05,FR_May2025.pdf,Table 3: Completed Projects
N24001180,WIDENING OF EXISTING SINGLE/INTERMEDIATE LANE ROAD TO 2 LANE ROAD FROM KM. 83.00 TO KM 101.00 ON NH-,MoRTH,N24001180,N24001180,,2022-12,2022-12,,237.51,,215.47,2025-05,FR_May2025.pdf,Table 3: Completed Projects
N24001360,RANIKOR-MAHESHKHOLA- BAGHMARA (RMB) PKG-3,RMB,N24001360,NHIDCL,,2022-12,2022-12,,260.21,,239.35,2025-05,FR_May2025.pdf,Table 3: Completed Projects
N24001389,CHANGTONGYA TO LONGLENG ROAD PKG-2,NHIDCL,N24001389,N24001389,,2022-06,2022-06,,206.53,,119.25,2025-05,FR_May2025.pdf,Table 3: Completed Projects
N24001391,JORAM ? KOLORIANG ROAD FROM EXISTING KM 70.00 TO KM 88.700 (PKG-4),PKG-4,N24001391,NHIDCL,,2022-04,2022-04,,294.04,,147.13,2025-05,FR_May2025.pdf,Table 3: Completed Projects
N24001428,FOUR LANING OF VILUPPURAM TO PUDHUCHERRY ON,DESIGN CH. KM. 00/000 TO KM. 29/000,N24001428,NHAI,,2021-11,2021-11,,998.7,,975.68,2025-05,FR_May2025.pdf,Table 3: Completed Projects
N24001430,FOUR LANING OF POONDIYANKUPPAM (KM.67/000) TO SATTANATHAPOURAM (KM.123/800) SECTION OF NH-45A ON HAM,KM.67/000,N24001430,KM.123/800,,2022-01,2022-01,,2120.4,,1588.17,2025-05,FR_May2025.pdf,Table 3: Completed Projects
N24001475,CONSTRUCTION OF 2 LANE WITH HARD SHOULDER FROM DESIGN CHAINAGE KM 283.000 TO KM 325.440 (5- LEGGED J,NHIDCL,N24001475,N24001475,,2024-12,2024-12,,605.36,,273.21,2025-05,FR_May2025.pdf,Table 3: Completed Projects
N24001532,"CONSTRUCTION OF 4-LANE NH-344P-PACKAGE-4 (FROM KM 0+000 TO KM 29+600, 29.6KM), STARTING FROM BAWANA",NHAI,N24001532,N24001532,,2023-11,2023-11,,694.0,,1466.82,2025-05,FR_May2025.pdf,Table 3: Completed Projects
N24001533,CONSTRUCTION OF 4-LANE GREEN FIELD DELHI-AMRITSAR- KATRA EXPRESSWAY (NE-05) FROM JUSSUR KHERI ON KMP,NE-05,N24001533,NHAI,,2023-12,2023-12,,1690.23,,1462.45,2025-05,FR_May2025.pdf,Table 3: Completed Projects
N24001534,CONSTRUCTION OF FOUR-LANE GREENFIELD DELHI- AMRITSAR-KATRA EXPRESSWAY FROM JUNCTION WITH ROHTAK-PANIP,NHAI,N24001534,N24001534,,2024-01,2024-01,,1334.04,,1048.12,2025-05,FR_May2025.pdf,Table 3: Completed Projects
N24001536,FOUR LANING OF JIND GOHANA GREENFIELD ALIGNMENT PACKAGE 1 IN THE STATE OF HARYANA UNDER HYBRID ANNUI,NHAI,N24001536,N24001536,,2022-07,2022-07,,817.0,,986.08,2025-05,FR_May2025.pdf,Table 3: Completed Projects
N24001616,2L PS OF SATNA - MAIHAR SECTION OF NH-135BG FROM KM 80.800 TO KM 120.125,NHAI,N24001616,N24001616,,2023-10,2023-10,,428.04,,351.97,2025-05,FR_May2025.pdf,Table 3: Completed Projects
N24001708,BAKHTIYARPUR RAJAULI PKG-III FROM KM 101.630 TO KM 152.520 NH20,NHAI,N24001708,N24001708,,2024-06,2024-06,,2156.22,,1397.72,2025-05,FR_May2025.pdf,Table 3: Completed Projects
N24001711,6L OF KANHAULI RAMNAGAR PATNA RING ROAD PKG I FROM KM 0.000 TO KM 39.160 OF SH78 NEW NH131G,NHAI,N24001711,N24001711,,2023-03,2023-03,,939.43,,1030.75,2025-05,FR_May2025.pdf,Table 3: Completed Projects
N24001765,"ADDITIONAL WORKS (2VUPS, MR-10 JUNCTION FLYOVER AND UNDERPASS) IN SIX LANE INDORE-DEWAS SECTION OF N","2VUPS, MR-10 JUNCTION FLYOVER AND UNDERPASS",N24001765,NHAI,,2024-07,2024-07,,207.77,,147.24,2025-05,FR_May2025.pdf,Table 3: Completed Projects
N24001768,BALANCE WORK OF 4L OF INDORE-GUJARAT/MP BORDER FROM KM 106.210 TO KM 115.250 (START AND END POINT OF,NHAI,N24001768,N24001768,,2023-04,2023-04,,323.51,,246.27,2025-05,FR_May2025.pdf,Table 3: Completed Projects
N24001788,CONSTRUCTION OF EIGHT LANE ACCESS CONTROLLED EXPRESSWAY FROM KM 217.500 TO KM 254.430 OF VADODARA MU,NHAI,N24001788,N24001788,,2023-12,2023-12,,2271.86,,2655.78,2025-05,FR_May2025.pdf,Table 3: Completed Projects
N24001815,"4L BYPASSES FOR JAGATPUR, B4ABUGANJ, UNCHAHAR, ALAPUR BYPASS, AND SAI RIVER BRIDGE OF RAEBARELI- PRA",NHAI,N24001815,N24001815,,2024-11,2024-11,,1699.0,,1033.72,2025-05,FR_May2025.pdf,Table 3: Completed Projects
N24001869,UPGRADATION AND REHABILITATION TO TWO LANE WITH PAVED SHOULDER OF GHAGARIYA- MUNABAO SECTION FROM KM,MoRTH,N24001869,N24001869,,2025-08,2025-08,,235.15,,152.69,2025-05,FR_May2025.pdf,Table 3: Completed Projects
N24002085,WIDENING OF RAEBARELI TO PRAYAGRAJ SECTION FROM KM. 82.650 TO KM. 161.450 OF NH-30 AND LINK ROAD FRO,NHAI,N24002085,N24002085,,2025-03,2025-03,,1470.93,,1088.3,2025-05,FR_May2025.pdf,Table 3: Completed Projects
N28000104,NSG AT KOLKATA,CPWD FOR MHA,N28000104,N28000104,,2018-04,2018-04,,162.88,,193.91,2025-05,FR_May2025.pdf,Table 3: Completed Projects
N28000112,C/O NEW HOSPITAL BLOCK FOR SREE CHITRA TIRUNAL INSTITIUTE OF MEDICAL SCIENCE AND TECHNOLOGY HOME AFFAIRS,CPWD FOR HEALTH,N28000112,N28000112,,2020-03,2020-03,,150.29,,162.52,2025-05,FR_May2025.pdf,Table 3: Completed Projects
N45000003,CONSTRUCTION OF 683 VARIOUS TYPE FAMILY QUARTERS AT GROUP CENTRE CRPF CHANDAULI PETROLEUM,CPWD FOR MHA,N45000003,N45000003,,2022-01,2022-01,,199.31,,86.49,2025-05,FR_May2025.pdf,Table 3: Completed Projects
N16000392,CITY GAS DISTRIBUTION IN WEST BENGAL,HPCL,N16000392,N16000392,,2031-03,2031-03,,5830.2,,875.27,2025-06,FR_JUNE_2025.pdf,Table 3: Completed Projects
N16000426,CGD PROJECT AT NAWADA AND KODERMA DISTRICTS,IOCL,N16000426,N16000426,,2029-12,2029-12,,169.0,,71.0,2025-06,FR_JUNE_2025.pdf,Table 3: Completed Projects
N16000496,"CGD PROJECT IN TONK, SAWAI MADHOPUR, DAUSA, KARAULI POWER",HPCL,N16000496,N16000496,,2030-03,2030-03,,1751.0,,301.39,2025-06,FR_JUNE_2025.pdf,Table 3: Completed Projects
N18000286,SAMBHU KI BHURJ-II SOLAR 300MW RAILWAYS,NTPC,N18000286,N18000286,,2021-09,2021-09,,1782.0,,1369.88,2025-06,FR_JUNE_2025.pdf,Table 3: Completed Projects
N18000293,BHENSARA 320 MW,NTPC,N18000293,N18000293,,2022-07,2022-07,,1221.73,,1139.42,2025-06,FR_JUNE_2025.pdf,Table 3: Completed Projects
N18000296,"150 MW SOLAR PV PROJECT IN GUJARAT (LIMBDI, MESANKA AND RADHANPUR)","LIMBDI, MESANKA AND RADHANPUR",N18000296,NTPC,,2022-09,2022-09,,674.92,,572.53,2025-06,FR_JUNE_2025.pdf,Table 3: Completed Projects
N22000625,KARAIKAL PERALAM(23KM)-NEW LINE PROJECT ROAD TRANSPORT AND HIGHWAYS,23KM,N22000625,SR,,2026-03,2026-03,,304.22,,292.65,2025-06,FR_JUNE_2025.pdf,Table 3: Completed Projects
N24000301,REHABILITATION AND UPGRADATION OF NH-219 FROM KM 58-600 TO KM 140-750 IN THE STATE OF ANDHRA PRADES,MoRTH,N24000301,N24000301,,2015-10,2015-10,,271.45,,240.23,2025-06,FR_JUNE_2025.pdf,Table 3: Completed Projects
N24000332,REHABILITATION AND UPGRADATION OF END OF AHMEDNAGAR BYPASS TO KHARWANDI KASAR SECTION OF NH-222 FROM,MoRTH,N24000332,N24000332,,,,,225.81,,118.84,2025-06,FR_JUNE_2025.pdf,Table 3: Completed Projects
N24000659,4-LANNING OF WARANGA-MAHAGAON SECTION(KM 253.7000 TO 320.580),KM 253.7000 TO 320.580,N24000659,NHAI,,2017-03,2017-03,,1059.73,,928.19,2025-06,FR_JUNE_2025.pdf,Table 3: Completed Projects
N24000704,4-LANNING OF THALSERRY -MAHE BYPASS,NHAI,N24000704,N24000704,,2020-05,2020-05,,1124.11,,1527.28,2025-06,FR_JUNE_2025.pdf,Table 3: Completed Projects
N24000741,CONSTRUCTION AND UPGRADATION OF EXISTING ROAD TO 2 LANE WITH PAVED SHOULDER FROM KM 368.00 TO KM 399,NHIDCL,N24000741,N24000741,,2020-11,2020-11,,274.31,,253.61,2025-06,FR_JUNE_2025.pdf,Table 3: Completed Projects
N24000768,CONSTRUCTION OF 2-LANE WITH PAVED SHOULDER INCLUDING GEOMETRIC IMPROVEMENT FROM KM 16.000 TO KM 32.5,NHIDCL,N24000768,N24000768,,2020-10,2020-10,,290.05,,218.36,2025-06,FR_JUNE_2025.pdf,Table 3: Completed Projects
N24001003,AKOLA TO AKOT,MoRTH,N24001003,N24001003,,2019-06,2019-06,,313.95,,270.02,2025-06,FR_JUNE_2025.pdf,Table 3: Completed Projects
N24001008,AJANTHA TO BULDHANA,MoRTH,N24001008,N24001008,,2019-07,2019-07,,401.0,,246.39,2025-06,FR_JUNE_2025.pdf,Table 3: Completed Projects
N24001018,BHANDARA TO GHOTITOK,MoRTH,N24001018,N24001018,,2019-06,2019-06,,392.83,,264.35,2025-06,FR_JUNE_2025.pdf,Table 3: Completed Projects
N24001021,AMDI TO SAONER,MoRTH,N24001021,N24001021,,2019-06,2019-06,,396.91,,253.59,2025-06,FR_JUNE_2025.pdf,Table 3: Completed Projects
N24001046,RALEGAON TO RAMTIRTH,MoRTH,N24001046,N24001046,,2019-07,2019-07,,210.81,,132.0,2025-06,FR_JUNE_2025.pdf,Table 3: Completed Projects
N24001078,PUNE TO MALE VILLAGE,MoRTH,N24001078,N24001078,,2019-12,2019-12,,228.31,,113.29,2025-06,FR_JUNE_2025.pdf,Table 3: Completed Projects
N24001079,ARDHAPUR TO HIMAYATNAGAR,MoRTH,N24001079,N24001079,,2020-06,2020-06,,426.06,,268.96,2025-06,FR_JUNE_2025.pdf,Table 3: Completed Projects
N24001080,MALE VILLAGE TO PUNE RAIGARH DISTRICT BORDER,MoRTH,N24001080,N24001080,,2019-12,2019-12,,256.15,,115.53,2025-06,FR_JUNE_2025.pdf,Table 3: Completed Projects
N24001090,KOLDE TO KHETIYA,MoRTH,N24001090,N24001090,,2019-07,2019-07,,509.18,,246.83,2025-06,FR_JUNE_2025.pdf,Table 3: Completed Projects
N24001101,KURUDWADI TO PANDHARPUR,MoRTH,N24001101,N24001101,,2019-07,2019-07,,307.63,,208.22,2025-06,FR_JUNE_2025.pdf,Table 3: Completed Projects
N24001102,PANDHARPUR TO SANGOLA,MoRTH,N24001102,N24001102,,2019-07,2019-07,,218.38,,176.99,2025-06,FR_JUNE_2025.pdf,Table 3: Completed Projects
N24001138,PARLI PIMPLA DAHIGUDA SOCIAL JUSTICE,MoRTH,N24001138,N24001138,,2019-06,2019-06,,205.72,,813.5,2025-06,FR_JUNE_2025.pdf,Table 3: Completed Projects
N24001254,CONSTUCTION/UPGRADATION OF EXISTING HIGHWAY TO 2 LANE WITH PAVED SHOULDER FROM KM 26.10 TO KM 40.00,NHIDCL,N24001254,N24001254,,2022-06,2022-06,,242.97,,246.91,2025-06,FR_JUNE_2025.pdf,Table 3: Completed Projects
N24001286,2-LANING OF CHANGTONGYA TO LONGLENG ROAD OF NH-702 (PKG-I),PKG-I,N24001286,NHIDCL,,2022-06,2022-06,,278.95,,166.29,2025-06,FR_JUNE_2025.pdf,Table 3: Completed Projects
N24001339,RANIKOR-MAHESHKHOLA- BAGHMARA (RMB) PKG-4,RMB,N24001339,KANAI-RONGARA,,2022-04,2022-04,,157.86,,152.95,2025-06,FR_JUNE_2025.pdf,Table 3: Completed Projects
N24001440,KEIFANG - TUVAI PKG-1,NHIDCL,N24001440,N24001440,,2023-05,2023-05,,492.94,,365.86,2025-06,FR_JUNE_2025.pdf,Table 3: Completed Projects
N24001600,BALANCE WORK 2-LANE WITH PAVED SHOULDERS OF NAGAPATTINAM - THANJAVUR SECTION OF NH-67 (NEW NH-83),NEW NH-83,N24001600,NHAI,,2023-05,2023-05,,434.12,,268.92,2025-06,FR_JUNE_2025.pdf,Table 3: Completed Projects
N24001603,4-LANING OF ODDANCHATRAM - MADATHUKULAM SECTION OF NH-209 (NEW NH-83),NEW NH-83,N24001603,NHAI,,2022-10,2022-10,,1518.53,,915.4,2025-06,FR_JUNE_2025.pdf,Table 3: Completed Projects
N24001887,REHABILITATION AND UPGRADATION OF BHOKARDAN TO KUMBHARI FATA DESIGN CH. (KM 13+500 TO 17+00) AND RAJ,MoRTH,N24001887,N24001887,,2024-06,2024-06,,291.37,,157.59,2025-06,FR_JUNE_2025.pdf,Table 3: Completed Projects
N24001888,"UP-GRADATION OF TIRORA-GONDIA, STATE HIGHWAY FROM EXISTING KM 163+213 (ON SH-335, TIRORA) TO KM 191+","ON SH-335, TIRORA",N24001888,MoRTH,,2023-04,2023-04,,288.14,,72.78,2025-06,FR_JUNE_2025.pdf,Table 3: Completed Projects
N24001889,2 LANE + PS PIMPLNER TO SATANA -[DESIGN CHAINAGE KM 21.427 TO 64.00 ] OF NH-752G],MoRTH,N24001889,N24001889,,2021-07,2021-07,,277.81,,155.01,2025-06,FR_JUNE_2025.pdf,Table 3: Completed Projects
N24001894,2 LANE + PS ASTHAMODE - TIVATYAL [DESIGN CH. KM 24.300 - 62.00] [KM 134.98-172.95 OF NH-63],MoRTH,N24001894,N24001894,,2021-07,2021-07,,228.82,,145.5,2025-06,FR_JUNE_2025.pdf,Table 3: Completed Projects
N24001895,REHABILATION AND UPGRADATION TO TWO LANES WITH PAVED SHOULDER CONFIGURATION FROM WATUR TO CHARTHANA,MoRTH,N24001895,N24001895,,2023-09,2023-09,,228.01,,106.11,2025-06,FR_JUNE_2025.pdf,Table 3: Completed Projects
N24001905,"CONSTRUCTION OF MAJOR BRIDGE ACROSS MANJRA RIVER NEAR YESGI VILLAGE @ KM, 166/500 ON NH 63 TQ BILOLI",MoRTH,N24001905,N24001905,,2023-08,2023-08,,188.69,,111.25,2025-06,FR_JUNE_2025.pdf,Table 3: Completed Projects
N24001909,"STRENGTHING AND WIDINING OF EXISTING CARRIAGEWAY TO 10 M IN KM, 156/160 TO 229/160",MoRTH,N24001909,N24001909,,2024-06,2024-06,,157.72,,80.37,2025-06,FR_JUNE_2025.pdf,Table 3: Completed Projects
N24002137,STRENGTHENING OF 6-LANE PIMPALGAON-NASHIK- GONDE (KM. 380 - KM. 440) SECTION OF NH-3 IN MAHARASHTRA U,KM. 380 - KM. 440,N24002137,NHAI,,2025-03,2025-03,,175.0,,201.0,2025-06,FR_JUNE_2025.pdf,Table 3: Completed Projects
N28000121,"PUNE METRO RAIL PROJECT (PHASE 1) Total 35,753.08 27,863.47",PHASE 1,N28000121,MMRC,,2021-11,2021-11,,11420.0,,13088.19,2025-06,FR_JUNE_2025.pdf,Table 3: Completed Projects
N28000159,KOCHI METRO RAIL PROJECT PHASE IB SECTION FROM S N JUNCTION TO THRIPUNITHURA,KMRCL,N28000159,N28000159,,2023-09,2023-09,,355.7,,448.39,2025-06,FR_JUNE_2025.pdf,Table 3: Completed Projects
N38000001,CENTRE FOR DISABILITY SPORTS URBAN DEVELOPMENT,CPWD,N38000001,N38000001,,2024-03,2024-03,,170.99,,162.63,2025-06,FR_JUNE_2025.pdf,Table 3: Completed Projects
400117,Arjun Sahayak Project Uttar Pradesh 04/2009 Ministry of Petroleum & Natural Gas Total (2) 1432.53 4016.19,Irrigation & Water Resources-UP,,Uttar Pradesh,,2025-10,2019-12,2019-12,741.38,2465.68,3037.68,2025-09,FlashReport_September_2025.pdf,Table 3: Completed Projects
604792,"Assam Bio Refinery, ABRPL Assam 02/2018",Ministry of Petroleum & Natural Gas,,Assam,,2025-09,2021-09,2025-09,1750.0,4930.0,4770.0,2025-09,FlashReport_September_2025.pdf,Table 3: Completed Projects
609041,"IoE Projects [Civil Works], IIT Kharagpur West Bengal 01/2018 Department of Water Resources, River Development & GR Water Resources Total (1) 287.2","Indian Institute of Technology, Kharagpur",,West Bengal,,2025-08,2023-03,2026-12,287.2,,310.0,2025-09,FlashReport_September_2025.pdf,Table 3: Completed Projects
617303,"City Gas Distribution Project at Khagaria, Saharsa and Madhepura Bihar 03/2019 Ministry of Ports, Shipping and Waterways Total (2) 4866.95",Ministry of Petroleum & Natural Gas,,Bihar,,2025-09,2030-03,2025-09,163.0,163.0,96.95,2025-09,FlashReport_September_2025.pdf,Table 3: Completed Projects
701371,Durgawati Reservoir Project Bihar 04/1996,Irrigation and CAD-TG,,Bihar,,2025-09,2019-12,2026-03,691.15,971.96,978.51,2025-09,FlashReport_September_2025.pdf,Table 3: Completed Projects
708655,Operationalization of Coastal Berth & Shallow Water Berth through PPP Maharashtra Total (1) 366.8 376.86,Jawaharlal Nehru Port Authority [JNPA],,Maharashtra,,2026-01,,,366.8,,376.86,2025-09,FlashReport_September_2025.pdf,Table 3: Completed Projects
611938,Vijapur Ambliyasan Gauge Conversion Gujarat 05/2022,WR,,Gujarat,,2025-10,2026-05,2025-10,415.38,415.38,701.04,2025-10,FlashReport_October_2025.pdf,Table 3: Completed Projects
611939,Himmatnagar Khedbrahma Gauge Conversion Gujarat 06/2022,WR,,Gujarat,,2025-08,2001-06,2025-08,482.42,482.42,894.4,2025-10,FlashReport_October_2025.pdf,Table 3: Completed Projects
612998,Bathinda Sangrur Pipeline Punjab 11/2021 Ministry of Railways Railways Total (2) 356.36,Ministry of Petroleum and Natural Gas,,Punjab,,2015-10,2024-05,2025-10,367.0,397.0,355.93,2025-10,FlashReport_October_2025.pdf,Table 3: Completed Projects
705566,Domingarh-Gorakhpur-Gorakhpur Cantt.-Kusumhi - 3rd Railway Line Project Uttar Pradesh 11/2016,North Eastern Railway [NER],,Uttar Pradesh,,2025-09,2025-02,2025-09,351.0,521.47,499.64,2025-10,FlashReport_October_2025.pdf,Table 3: Completed Projects
705863,Bahraich - Nanpara - Nepalganj Road Gauge Conversion Uttar Pradesh 07/2020 Total (4) 2198.8 2602.1,North Eastern Railway [NER],,Uttar Pradesh,,2025-09,2025-07,2025-09,950.0,550.0,507.02,2025-10,FlashReport_October_2025.pdf,Table 3: Completed Projects
709761,HP Trijet Unit in Visakh Refinery Andhra Pradesh 07/2024,Hindustan Petroleum Corporation Limited,,Andhra Pradesh,,2025-11,2027-07,2025-11,193.0,193.0,0.43,2025-10,FlashReport_October_2025.pdf,Table 3: Completed Projects
606781,"Transmission System for Strengthening of Srinagar-Leh Tr. System Total (7) 5152.48 5703.93 Multi-States (Jammu and Kashmir, Ladakh)",Power Grid Corporation of India Limited [POWERGRID],,(03/2022),2022-03,2025-11,2024-12,2025-11,288.71,,288.71,2025-11,FlashReport_November_2025.pdf,Table 3: Completed Projects
608301,Transmission system strengthening scheme for evacuation of power from solar energy zones in Rajasthan 8.1 GW under Phase II- Part- G1,Power Grid Corporation of India Limited [POWERGRID],,Delhi (02/2022),2022-02,2025-11,2023-09,2025-12,359.47,,359.47,2025-11,FlashReport_November_2025.pdf,Table 3: Completed Projects
608302,Transmission system for evacuation of Power from Pakaldul HEP in Chenab Valley HEPs - LTA System Jammu and Kashmir 02/2022,Power Grid Corporation of India Limited [POWERGRID],,Jammu and Kashmir,,2025-11,2025-04,2025-11,318.12,,318.12,2025-11,FlashReport_November_2025.pdf,Table 3: Completed Projects
608922,"Transmission System Strengthening Scheme for evacuation of power from SEZ in Rajasthan 8.1 GW under Phase II Part G Multi-States (Delhi, Haryana, Rajasthan)",Power Grid Corporation of India Limited [POWERGRID],,(05/2022),2022-05,2023-11,2025-12,,1666.0,2218.0,2218.0,2025-11,FlashReport_November_2025.pdf,Table 3: Completed Projects
611656,Transmission scheme for evacuation of 4.5GW RE injection at Khavda PS under Phase II- Part B,Power Grid Corporation of India Limited [POWERGRID],,Gujarat (03/2023),2023-03,2025-12,2025-03,2025-12,1167.55,1167.0,1167.0,2025-11,FlashReport_November_2025.pdf,Table 3: Completed Projects
611660,Establishment of Khavda Pooling Station-2 KPS2 in Khavda RE Park KPS2 TRANSMISSION SYSTEM LIMITED,Power Grid Corporation of India Limited [POWERGRID],,Gujarat (03/2023),2023-03,2025-12,2024-12,2025-11,966.79,,966.79,2025-11,FlashReport_November_2025.pdf,Table 3: Completed Projects
611737,Western Region Expansion Scheme-XXV Chhattisgarh 05/2022,Power Grid Corporation of India Limited [POWERGRID],,Chhattisgarh,,2023-08,2025-10,,385.84,,385.84,2025-11,FlashReport_November_2025.pdf,Table 3: Completed Projects
612688,"Construction of New OPD Block 200 Bed ward Basement + GF + 6 Floors at the location of old OPD block, at existing ESIC Hospital/ Medical college campus, Sanathnagar, Hyderabad Ministry of Ports, Shipping and Waterways Total (1) 211.13 198.95",Employee's State Insurance Company [ESIC],,Telangana (10/2021),2017-11,2025-06,2024-06,2025-06,211.13,,198.95,2025-11,FlashReport_November_2025.pdf,Table 3: Completed Projects
613795,JAMPALI OC RCE [2.0 MTY] Chhattisgarh 05/2020 Ministry of Housing & Urban Affairs Total (1) 278.64 210.07,South Eastern Coalfields Limited [SECL],,Chhattisgarh,,2024-08,2025-03,2025-06,278.64,,210.07,2025-11,FlashReport_November_2025.pdf,Table 3: Completed Projects
617282,"C/o 184 MS Flats for Hon'ble MPs at BKS Marg, New Delhi Delhi 01/2022 Waste & Water Total (1) 646.53 540.04",Central Public Works Department [CPWD],,Delhi,,2025-09,2025-05,2025-09,646.53,646.52,540.04,2025-11,FlashReport_November_2025.pdf,Table 3: Completed Projects
701091,Lucknow Airport-Terminal 3- Phase 1 & Other Associated Works Uttar Pradesh 06/2018 Ministry of Coal Coal Total (1) 3112.57,Adani Airport Holdings Limited,,Uttar Pradesh,,2024-03,2026-03,,3100.0,,3112.57,2025-11,FlashReport_November_2025.pdf,Table 3: Completed Projects
701564,"Construction of new dry dock at exisitng Cochin Shipyard Limited premises at Perumanoor, Kochi 682 015 Ministry of Power Transmission & Distribution Total (1) 1558.39",Cochin Shipyard,,Kerala (05/2018),2018-04,2025-03,2022-12,2025-03,1799.0,,1558.39,2025-11,FlashReport_November_2025.pdf,Table 3: Completed Projects
702682,Dibrugarh Water Supply Infrastructure Project Assam 02/2016 Ministry of Labour and Employment Healthcare Total (1) 186.8 186.8,Ministry of Housing & Urban Affairs,,Assam,,2025-12,2023-03,2026-01,186.8,,186.8,2025-11,FlashReport_November_2025.pdf,Table 3: Completed Projects
400065,Installation of 4th Slab Caster along with its Auxiliaries and a New Ladle Furnace in SMS-II at Rourkela Steel Plant Total (1) 1105.23 809.53,Steel Authority of India Limited [SAIL],,Odisha (02/2022),2022-01,2025-05,2025-09,,1105.23,,809.53,2025-12,FlashReport_December_2025.pdf,Table 3: Completed Projects
400145,CHHAL OC SEAM III [6 MTY] Chhattisgarh 12/2013 Ministry of Housing & Urban Affairs Waste & Water Total (1) 610.63 583.26,South Eastern Coalfields Limited [SECL],,Chhattisgarh,,2025-12,2022-03,2026-01,610.63,,583.26,2025-12,FlashReport_December_2025.pdf,Table 3: Completed Projects
400158,Debottlenecking and Augmentation of Cryogenic facilities at Uran LPG Import Terminal,"Department of Water Resources, River Development & GR",,Maharashtra (04/2021),2021-04,2025-12,2024-02,2025-12,1164.69,1629.86,1048.74,2025-12,FlashReport_December_2025.pdf,Table 3: Completed Projects
602194,Khurja super Thermal Power Plant [2X660 MW] Uttar Pradesh 03/2019 Transmission & Distribution Total (2) 16581.31 18411.34,THDC India Limited,,Uttar Pradesh,,2025-09,2024-02,2025-09,11089.42,13276.2,12888.23,2025-12,FlashReport_December_2025.pdf,Table 3: Completed Projects
610940,"Additional Infrastructure at IISc Bangalore-RCC Monolithic for Men Hostel S14, Women Hostel S11 , Postdoctoral Hostel S12 2 Block , International Hostel S 12 , D&E Block S 12 2 Block FR.",IISC Bangalore,,Karnataka (08/2021),2021-08,2025-12,2024-03,2025-12,420.41,420.41,367.92,2025-12,FlashReport_December_2025.pdf,Table 3: Completed Projects
610985,Construction of lube oil blending plant at Rasayani Maharashtra 05/2022 Ministry of Power Electricity Generation Total (2) 1588.08 1382.22,Ministry of Petroleum & Natural Gas,,Maharashtra,,2025-12,2023-12,2025-12,423.39,526.26,333.48,2025-12,FlashReport_December_2025.pdf,Table 3: Completed Projects
611659,Transmission system strengthening scheme for evacuation of power from solar energy zones in Rajasthan[8.1 GW] under phase-II- Part E Ministry of Railways Railways Total (1) 1433.28,Power Grid Corporation of India Limited [POWERGRID],,Rajasthan (03/2023),2023-03,2026-01,2024-09,2026-01,1433.28,1433.0,1433.0,2025-12,FlashReport_December_2025.pdf,Table 3: Completed Projects
611937,Adraj Moti Vijapur 40 Kms Gujarat 05/2022,WR,,Gujarat,,2025-12,2026-05,2025-12,417.53,417.53,513.61,2025-12,FlashReport_December_2025.pdf,Table 3: Completed Projects
612063,"Construction of New Terminal Building, Second Link Taxi Track, Apron Expansion, and associated works at Prayagraj Airport- On Design & Build Basis. Ministry of Coal Coal Total (1) 219.18 215.51",Airport Authority of India [AAI],,Uttar Pradesh,2023-08,2025-10,2024-11,2025-10,219.18,274.38,215.51,2025-12,FlashReport_December_2025.pdf,Table 3: Completed Projects
612135,Hostel 4 -Earlier Known as Hostel 20 Maharashtra 09/2022 Department of Telecommunications Total (2) 602.74 546.09,"Indian Institute of Technology, Bombay",,Maharashtra,,2025-12,2025-09,2025-12,182.33,,178.17,2025-12,FlashReport_December_2025.pdf,Table 3: Completed Projects
612239,Construction of 100 bedded ESIC Hospital & 32 nos. of Staff qtrs at OMPURA J&K. Ministry of Petroleum & Natural Gas Total (1) 131.05 162.05 Jammu and Kashmir 09/2019,Employee's State Insurance Company [ESIC],,Jammu and Kashmir,,2025-12,2024-09,2025-12,131.05,164.93,162.05,2025-12,FlashReport_December_2025.pdf,Table 3: Completed Projects
702842,Nagpur Water Supply Infrastructure Project Maharashtra 12/2015 Ministry of Labour and Employment Healthcare Total (1) 273.78 267.57,Ministry of Housing & Urban Affairs,,Maharashtra,,2026-01,2023-03,2026-01,273.78,271.86,267.57,2025-12,FlashReport_December_2025.pdf,Table 3: Completed Projects
705300,Western Region Video Surveillance Project PAN India 06/2020,RCIL,,Maharashtra,,2026-01,2023-12,2026-07,227.59,,0.0,2025-12,FlashReport_December_2025.pdf,Table 3: Completed Projects
705779,"Project Assessment, Infrastructure Monitoring and Analytics for Nation-building Phephna-Indara, Mau-Shahganj doubling excluding Indara-Mau Uttar Pradesh 05/2017",PAIMANA,,Uttar Pradesh,,2025-12,2024-12,2025-12,1178.0,2215.0,2217.85,2025-12,FlashReport_December_2025.pdf,Table 3: Completed Projects
705784,Janghai-Phaphamau Doubling Rail Line Project Uttar Pradesh 11/2018 Ministry of Steel Steel Total (4) 2180.12 3576.3,RVNL,,Uttar Pradesh,,2025-01,2025-03,2025-01,357.0,978.77,844.84,2025-12,FlashReport_December_2025.pdf,Table 3: Completed Projects
709748,BIKANER SOLAR POWER PROJECT Rajasthan 10/2021,Satluj Jal Vidyut Nigam [SJVN] Thermal Limited,,Rajasthan,,2025-12,2024-04,2025-12,5491.89,,5523.11,2025-12,FlashReport_December_2025.pdf,Table 3: Completed Projects
709858,OPTICAL TRANSPORT NETWORK [OTN] PH-4 IN BSNL PAN India 02/2024 Ministry of Civil Aviation Aviation & Aviation Infrastructure Total (1) 810.99 786.86,BSNL,,PAN India,,2025-10,2025-08,2025-10,810.99,,786.86,2025-12,FlashReport_December_2025.pdf,Table 3: Completed Projects
400234,"Third Railway Line between Patratu-Sonnagar [291 kms] Total (1) 5690.22 Multi-States (Bihar,",RVNL - II,,Jharkhand) (08/2018),2016-11,2026-02,2026-03,2026-07,8975.0,8975.0,5690.22,2026-01,FlashReport_January_2026.pdf,Table 3: Completed Projects
400235,"Setting up a common user Petroleum Terminal at Jammu, J&K for resitement of existing PSU OMC's Depots from Jammu City Ministry of Power Transmission & Distribution Total (1) 676.89 587.36 Jammu and Kashmir 04/2023",Bharat Petroleum Corporation Limited [BPCL],,Jammu and Kashmir,,2026-01,2025-03,2026-01,676.89,715.89,587.36,2026-01,FlashReport_January_2026.pdf,Table 3: Completed Projects
611657,Transmission scheme for evacuation of 4.5GW RE injection at Khavda PS under Phase II- Part C Ministry of Railways Railways Total (1) 2820.99 2820.99,Power Grid Corporation of India Limited [POWERGRID],,Gujarat (03/2023),2023-03,2026-01,2025-03,2026-01,2820.99,,2820.99,2026-01,FlashReport_January_2026.pdf,Table 3: Completed Projects
400161,"PP Project, Pata Uttar Pradesh 03/2019 Ministry of Power Transmission & Distribution Total (3) 1937.43 1556.56",Gas Authority of India Limited [GAIL],,Uttar Pradesh,,2026-02,2024-01,2026-02,910.56,1299.02,1082.0,2026-02,FlashReport_February_2026.pdf,Table 3: Completed Projects
611944,Quadrupling between Gandhidham Adipur with Y connection at Adipur for providing direct entry towards Mundra Port and Bhuj and high level platform at Gopalpur 11Kms,Western Railway [WR] - II,,Gujarat (02/2023),2023-02,2026-02,2026-03,2026-01,152.44,152.44,120.36,2026-02,FlashReport_February_2026.pdf,Table 3: Completed Projects
611950,Transmission system for evacuation of power from REZ in Rajasthan 20 GW under Phase-III part B1 Ministry of Railways Railways Total (1) 2190.54 2190.54,Power Grid Corporation of India Limited [POWERGRID],,Rajasthan (09/2023),2023-09,2026-03,2025-04,2026-02,2190.54,,2190.54,2026-02,FlashReport_February_2026.pdf,Table 3: Completed Projects
618424,Construction of 2-Laning with hard shoulders of Hayuliang Hawai bypass Road on EPC basis from design Km. 51.825 to Km. 63.131 Existing Km 45.050 of HayuliangHawai road to Hawai Town under SARDP-NE -Balance work Pkg - IV Total (1) 256.66 Arunachal Pradesh 01/2017,NHIDCL,,Arunachal Pradesh,,2023-05,2026-07,,256.66,216.76,0.0,2026-02,FlashReport_February_2026.pdf,Table 3: Completed Projects
702948,Jaunpur Sewerage Management Infrastructure Project Uttar Pradesh 03/2017 Ministry of Petroleum & Natural Gas Total (1) 235.73 231.62,Ministry of Housing & Urban Affairs,,Uttar Pradesh,,2026-03,2023-06,2026-03,235.73,231.62,231.62,2026-02,FlashReport_February_2026.pdf,Table 3: Completed Projects
705635,"Trivandrum- Kanyakumari Ministry of Road Transport & Highways Roads & Highways Total (3) 1892.1 3314.19 Multi-States (Kerala,",Southern Railway [SR] - I,N22000399,Tamil Nadu) (03/2016),2017-08,2026-03,2025-03,2026-12,1432.0,3785.45,2882.55,2026-02,FlashReport_February_2026.pdf,Table 3: Completed Projects
705789,Penukonda - Dharmavaram Doubling Project [41.5 Km] Andhra Pradesh 06/2018,South Western Railway [SWR] - II,,Andhra Pradesh,,2026-02,2026-03,2026-03,307.66,307.66,311.28,2026-02,FlashReport_February_2026.pdf,Table 3: Completed Projects
709789,Installation of Independent De- Aromatized Solvents [DAS] production facilities at MR,Bharat Petroleum Corporation Limited [BPCL],,Maharashtra (03/2023),2023-03,2026-02,2025-07,2026-02,405.0,343.0,254.56,2026-02,FlashReport_February_2026.pdf,Table 3: Completed Projects
709790,Replacement and Extension of Jetty Pipelines [REJP] at KR Kerala 03/2023,Bharat Petroleum Corporation Limited [BPCL],,Kerala,,2026-02,2026-03,2026-02,621.87,372.0,220.0,2026-02,FlashReport_February_2026.pdf,Table 3: Completed Projects
400077,"Grass root POL Terminal at Vallur, Chennai Tamil Nadu 01/2022 Total (2) 814.01",Indian Oil Corporation Limited [IOCL],N16000438,Tamil Nadu,,2026-03,2024-12,2026-03,827.0,887.71,661.1,2026-03,FlashReport_March_2026.pdf,Table 3: Completed Projects
602193,Tehri Pumped Storage Plant Project [4x250 MW] Uttarakhand 07/2006 Transmission & Distribution Total (1) 4825.6 8267.03,THDC India Limited,N18000010,Uttarakhand,,2026-04,2022-06,2026-04,4825.6,8339.0,8267.03,2026-03,FlashReport_March_2026.pdf,Table 3: Completed Projects
612185,C/o Construction of 200 bedded [Up-gradable to 300 bedded] ESI Hospital at Surat Gujarat. Ministry of Petroleum & Natural Gas Total (1) 209.36 202.62,Employee's State Insurance Company [ESIC],,Gujarat (03/2021),2019-06,2025-06,2026-01,,209.36,,202.62,2026-03,FlashReport_March_2026.pdf,Table 3: Completed Projects
612856,Augmentation of 1x1500 MVA 3rd 765/400 kV transformation capacity at Kurnool New Substation Ministry of Railways Railways Total (1) 163.61 163.61 Andhra Pradesh 05/2023,Power Grid Corporation of India Limited [POWERGRID],N18000395,Andhra Pradesh (12/2023),2023-05,2026-03,2025-09,2026-03,163.61,,163.61,2026-03,FlashReport_March_2026.pdf,Table 3: Completed Projects
616235,Construction of Aviation Fuel farm Facilities at Bhogapuram Airport Andhra Pradesh 08/2024,Ministry of Petroleum & Natural Gas,N16000538,Andhra Pradesh,,2026-03,2026-03,2026-03,240.0,240.0,152.91,2026-03,FlashReport_March_2026.pdf,Table 3: Completed Projects
618546,Construction of Tunnels/Viaducts at identified sliding/slip zones at Km 130.550 to Km.130.750 Km. 131.170 to Km. 131.763 Km. 132.560 to Km. 133.168 Km. 133.590 to Km. 133.743 and Km. 147.877 to Km. 148.715 of Udhampur-Ramban section of NH-44 Jammu and Kashmir 09/2021,National Highways Authority of India [NHAI],N24001620,Jammu and Kashmir,,2023-10,2025-12,,442.14,533.11,458.86,2026-03,FlashReport_March_2026.pdf,Table 3: Completed Projects
618548,Stand-alone Ring road/bypass around Jammu City from Raya Morh km. -0.687 to Jagti km. 57.568 Jammu and Kashmir 12/2017,National Highways Authority of India [NHAI],N24000717,Jammu and Kashmir,,2021-01,2026-01,,2023.88,2117.63,996.53,2026-03,FlashReport_March_2026.pdf,Table 3: Completed Projects
618575,"Project Assessment, Infrastructure Monitoring and Analytics for Nation-building 6L Standalone Flyovers at Bongaigaon, Chapaguri, Pathsala, Simlaguri chowk and Baihata Bypass Junctions on stretches of NH-31 and NH-27",PAIMANA,N24001548,Assam (01/2023),2022-03,2024-07,2026-02,,457.72,412.15,371.63,2026-03,FlashReport_March_2026.pdf,Table 3: Completed Projects
618689,4L Rampur Bypass from Km. 181.000 to Km. 189.500 Uttar Pradesh 10/2021 Ministry of Steel Steel Total (9) 10817.52 6364.77,National Highways Authority of India [NHAI],N24001746,Uttar Pradesh,,2024-04,2026-03,,364.47,307.95,272.05,2026-03,FlashReport_March_2026.pdf,Table 3: Completed Projects
618696,"Bellary to Byrapura Section km 253.600 to km 308.550 of NH-150A Multi-States (Andhra Pradesh, Karnataka)",National Highways Authority of India [NHAI],,(10/2019),2018-03,2021-10,2026-03,,1281.47,1689.6,553.21,2026-03,FlashReport_March_2026.pdf,Table 3: Completed Projects
618789,6L of IT City Chowk to Kurali Chandigarh Road Punjab 03/2021,National Highways Authority of India [NHAI],N24001631,Punjab,,2024-10,2025-12,,1525.31,1936.54,1695.39,2026-03,FlashReport_March_2026.pdf,Table 3: Completed Projects
618876,"4L of Nagina-Kashipur section from km. 73.00 to km. 175.00 of NH-74 Multi-States (Uttar Pradesh, Uttarakhand)",National Highways Authority of India [NHAI],,(10/2017),2015-01,2020-04,2026-02,,2125.03,2531.19,496.78,2026-03,FlashReport_March_2026.pdf,Table 3: Completed Projects
619115,4L of Byrapura to Challakere Section from km 308.550 to km 358.500 of NH-150 A,National Highways Authority of India [NHAI],,Karnataka (12/2018),2018-03,2020-12,2026-03,,796.77,1195.54,430.26,2026-03,FlashReport_March_2026.pdf,Table 3: Completed Projects
701350,"Upgradation of Facilities of Numaligarh-Siliguri Product Pipeline [NSPL] for transportation of additional products from existing 1.72 MMTPA to 5.5 MMTPA Ministry of Ports, Shipping and Waterways Total (3) 3499.48 1644.19 Multi-States (Assam,",Ministry of Petroleum & Natural Gas,N16000449,West Bengal) (06/2021),2021-06,2026-03,2024-12,2026-03,860.0,750.0,639.43,2026-03,FlashReport_March_2026.pdf,Table 3: Completed Projects
701568,Construction of oil jetty No.8 at old kandla through internal resources Gujarat 02/2018,Deendayal Port Trust [DPT],,Gujarat,,2024-03,2023-02,2024-07,100.0,225.85,186.47,2026-03,FlashReport_March_2026.pdf,Table 3: Completed Projects
701576,Berth No. 2 [previously Berth 3] of HDC Mechanization Project West Bengal 11/2022 Ministry of Power Electricity Generation Total (2) 398.26 666.47,"Haldia Dock Complex, Syama Prasad Mookerjee Port Authority",,West Bengal,,2026-01,2025-09,2026-01,298.26,298.26,480.0,2026-03,FlashReport_March_2026.pdf,Table 3: Completed Projects
701600,"354 Uncovered Villages Scheme Gujarat, Himachal Pradesh, Jammu and Multi-States (Bihar,",Department of Telecommunications [DoT],,"Multi-States (Bihar, Gujarat, Himachal Pradesh,",,,,,,,,2026-03,FlashReport_March_2026.pdf,Table 3: Completed Projects
702631,"Ahmedabad Metro Rail Project, Phase-II Gujarat 03/2019",Gujarat Metro Rail Corporation Limited [GMRCL],N28000137,Gujarat,,2024-03,2025-12,,5384.17,,5358.41,2026-03,FlashReport_March_2026.pdf,Table 3: Completed Projects
702633,"Delhi-Ghaziabad-Meerut Regional Rapid Transit System [RRTS] corridor Ministry of Labour and Employment Healthcare Total (2) 35658.17 33308.54 Multi-States (Delhi, Uttar",National Capital Region Transport Corporation [NCRTC],N28000134,Pradesh) (03/2019),2019-03,2026-02,2025-06,2026-02,30274.0,30274.0,27950.13,2026-03,FlashReport_March_2026.pdf,Table 3: Completed Projects
705651,Katni - Bina Third Railway Line [279 km] Madhya Pradesh 06/2016,West Central Railway WCR I,,Madhya Pradesh,,2026-03,2022-03,2026-02,2478.23,4127.23,3368.11,2026-03,FlashReport_March_2026.pdf,Table 3: Completed Projects
705662,"Hotgi-Kudgi-Gadag Doubling Project Ministry of Road Transport & Highways Roads & Highways Total (2) 4356.23 6139.4 Multi-States (Karnataka,",South Western Railway [SWR] - II,N22000333,Maharashtra) (01/2016),2014-04,2026-03,2024-12,2026-03,1878.0,2459.0,2771.29,2026-03,FlashReport_March_2026.pdf,Table 3: Completed Projects
709766,"City Gas Distribution Project at Kurnool, Guntur & Prakasam Districts Andhra Pradesh 03/2022",MinistryofPetroleumNaturalGas,N16000485,Andhra Pradesh,,2026-03,2030-03,2026-03,1420.0,1420.0,171.55,2026-03,FlashReport_March_2026.pdf,Table 3: Completed Projects
709827,CONSTRUCTION OF RESIDENTIAL TOWERS AT BIOM KIRANDUL COMPLEX Chhattisgarh 07/2021 Total (1) 349.75 326.85,National Mineral Development Corporation Limited [NMDC],N12000130,Chhattisgarh,,2026-03,2025-12,2026-03,349.75,,326.85,2026-03,FlashReport_March_2026.pdf,Table 3: Completed Projects
709846,Part Replacement Pipeline Project [PRPP] Maharashtra 11/2022,Oil and Natural Gas Corporation Limited [ONGC],N16000515,Maharashtra,,2026-03,2024-05,2026-03,1219.48,1145.1,833.21,2026-03,FlashReport_March_2026.pdf,Table 3: Completed Projects
803420,Delhi-Vadodara Greenfield Alignment NH-148N Pkg-30 Ch 803420 to Ch.824920 [Baletiya Village - Junction near Pratap Nagar Village],National Highways Authority of India [NHAI],N24001518,Gujarat (09/2021),2019-11,2023-09,2026-01,,1800.73,1800.73,1090.06,2026-03,FlashReport_March_2026.pdf,Table 3: Completed Projects
611951,Transmission system for evacuation of power from REZ in Rajasthan 20GW under Phase-III Part E1 Ministry of Railways Railways Total (2) 1022.74 1022.74,Power Grid Corporation of India Limited [POWERGRID],N18000373,Rajasthan (08/2023),2021-12,2026-04,2025-02,2026-04,688.74,,688.74,2026-04,FlashReport_April2026.pdf,Table 3: Completed Projects
612151,Transmission System for Evacuation of Power from potential Renewable Energy zone in Khavda Area of Gujarat under Phase IV [7 GW] Part E3,Power Grid Corporation of India Limited [POWERGRID],N18000383,Gujarat (07/2023),2023-07,2026-04,2025-07,2026-04,334.0,,334.0,2026-04,FlashReport_April2026.pdf,Table 3: Completed Projects
612178,"Construction of 100 Bedded ESIC Hospital building and 32 Nos Residential Quarters at Vallam Vadangal, SIPCOT, Sriperumbudur Ministry of Power Transmission & Distribution Total (1) 152.95 130.22",Employee's State Insurance Company [ESIC],,Tamil Nadu (03/2023),2015-02,2026-05,2025-06,2026-05,152.95,177.01,130.22,2026-04,FlashReport_April2026.pdf,Table 3: Completed Projects
618555,"Flyover at Km.544.650 including ROB, Service Roads ,Footpath for RCC drains on urban link to Nagpur -Raipur road Pardi octroi Naka to Itwari Total (1) 1097.81 316.23",National Highways Authority of India [NHAI],N24000442,Maharashtra (03/2016),2015-12,2019-03,2026-04,,1097.81,758.4,316.23,2026-04,FlashReport_April2026.pdf,Table 3: Completed Projects
702735,Sewerage Management Scheme Part-3 Implementation Haryana 03/2017,Ministry of Housing & Urban Affairs,,Haryana,,2026-04,2023-03,2026-04,213.19,,180.32,2026-04,FlashReport_April2026.pdf,Table 3: Completed Projects
702764,24/7 water supply under AMRUT for Davanagere Karnataka 11/2016,Ministry of Housing & Urban Affairs,,Karnataka,,2026-05,2023-03,2026-05,174.96,,171.6,2026-04,FlashReport_April2026.pdf,Table 3: Completed Projects
702798,Jabalpur Sewerage Management and Treatment Infrastructure Project Madhya Pradesh 10/2018 Ministry of Labour and Employment Healthcare Total (4) 950.46 783.97,Ministry of Housing & Urban Affairs,,Madhya Pradesh,,2026-04,2023-03,2026-04,362.31,,332.05,2026-04,FlashReport_April2026.pdf,Table 3: Completed Projects
705503,Pune - Miraj-Londa [467 Kilometres] Maharashtra 06/2016 Ministry of Road Transport & Highways Roads & Highways Total (1) 4027.53 4924.05,Central Railway,N22000359,Maharashtra,,2025-02,2025-08,,4027.53,4872.52,4924.05,2026-04,FlashReport_April2026.pdf,Table 3: Completed Projects
707267,Upgradation of Sewerage system in Gandhinagar City Gujarat 07/2020,ministry of housing and urban affairs,,Gujarat,,2026-03,2023-06,,200.0,,100.0,2026-04,FlashReport_April2026.pdf,Table 3: Completed Projects
400005,"Transmission Network Expansion in Gujarat to increase its ATC from ISTS Part B Nagar Haveli and Daman & Diu, Gujarat,",Power Grid Corporation of India Limited [POWERGRID],N18000337,Maharashtra) (07/2022),2022-01,2026-05,2023-06,2026-05,4546.26,,4546.26,2026-05,FlashReport_May2026.pdf,Table 3: Completed Projects
400259,Ghatampur Thermal Power Plant 3 X 660 MW Uttar Pradesh 07/2016 Ministry of Housing & Urban Affairs Total (3) 19268.83 23210.44,NLC India Limited [NLCIL],N06000152,Uttar Pradesh,,2026-06,2020-11,2026-06,17237.8,21780.9,21287.24,2026-05,FlashReport_May2026.pdf,Table 3: Completed Projects
607701,"Guwahati Refinery Expansion [1.0 to 1.2 MMTPA] along with installation of CRU, Guwahati Refinery",Ministry of Petroleum & Natural Gas,N16000414,Assam (05/2021),2021-05,2026-05,2023-10,2026-05,412.3,577.0,487.31,2026-05,FlashReport_May2026.pdf,Table 3: Completed Projects
611947,Transmission System for Evacuation of Power from REZ in Rajasthan 20GW under Phase III- Part E2 Ministry of Road Transport & Highways Roads & Highways Total (2) 4974.56 4974.56,Power Grid Corporation of India Limited [POWERGRID],N18000379,Rajasthan (11/2023),2023-11,2026-05,2025-06,2026-06,428.3,,428.3,2026-05,FlashReport_May2026.pdf,Table 3: Completed Projects
612188,"Construction of 200 Bedded [Upgradable to 500 Bedded including 50 beds of SST] ESIC Hospital at Bibewadi, Pune Ministry of Petroleum & Natural Gas Total (2) 572.48 471.98",Employee's State Insurance Company [ESIC],N21000033,Maharashtra (03/2023),2018-05,2025-09,2026-08,,429.25,,341.9,2026-05,FlashReport_May2026.pdf,Table 3: Completed Projects
612201,"Construction of 200 bedded ESIC Hospital with 62 Nos Staff quarters , Beltola Assam 12/2017",Employee's State Insurance Company [ESIC],,Assam,,2026-05,2025-04,2026-06,143.23,154.75,130.08,2026-05,FlashReport_May2026.pdf,Table 3: Completed Projects
612819,300 MW SPP part of 510 MW CPSU scheme Rajasthan 07/2022,NLC India Limited [NLCIL],N06000269,Rajasthan,,2026-01,2024-09,2026-01,1813.0,1813.0,1753.07,2026-05,FlashReport_May2026.pdf,Table 3: Completed Projects
615327,50 MW Solar PP Minedout Area Tamil Nadu 08/2023,NLC India Limited [NLCIL],N06000279,Tamil Nadu,,2026-01,2025-03,2026-01,218.03,,170.13,2026-05,FlashReport_May2026.pdf,Table 3: Completed Projects
619070,Tumkur-Chitradurga Karnataka 04/2010 Total (2) 1863.69 894.06,National Highways Authority of India [NHAI],,Karnataka,,2013-12,2026-05,,839.0,47.44,8.42,2026-05,FlashReport_May2026.pdf,Table 3: Completed Projects
619137,4L of Dwarka-Khambaliya-Devariya section from km 203.500 to km 176.500 and from km 171.800 to km 125.000 of NH-151A,National Highways Authority of India [NHAI],,Gujarat (02/2020),2019-01,2022-08,2026-05,,1024.69,1753.95,885.64,2026-05,FlashReport_May2026.pdf,Table 3: Completed Projects
701354,"Mumbai Nagpur Jharsuguda Pipeline Project Multi-States Pradesh, Maharashtra,",Ministry of Petroleum & Natural Gas,N16000398,Odisha) (06/2020),2020-06,2026-05,2023-05,2026-06,7844.25,8255.0,7109.3,2026-05,FlashReport_May2026.pdf,Table 3: Completed Projects
702639,Ahmedabad Metro Rail Project [Phase-I] Gujarat 11/2014 Waste & Water Total (1) 12521.43,Gujarat Metro Rail Corporation Limited [GMRCL],N28000122,Gujarat,,2026-05,2018-03,2026-05,10773.0,12924.5,12521.43,2026-05,FlashReport_May2026.pdf,Table 3: Completed Projects
702840,Mira-Bhayandar Water Supply Infrastructure Project Maharashtra 11/2016,Ministry of Housing & Urban Affairs,,Maharashtra,,2026-06,2023-03,2026-06,204.55,,193.2,2026-05,FlashReport_May2026.pdf,Table 3: Completed Projects
702854,Solapur Sewerage Management Infrastructure Project Maharashtra 03/2017 Ministry of Labour and Employment Healthcare Total (2) 384.79 365.42,Ministry of Housing & Urban Affairs,,Maharashtra,,2026-06,2023-03,2026-06,180.24,,172.22,2026-05,FlashReport_May2026.pdf,Table 3: Completed Projects
709757,"CGD Project in Banka, Dumka, Godda, Jamtara, Pakur, Sahibganj GA ID 11A.02 Multi-States (Bihar,",Hindustan Petroleum Corporation Limited,N16000497,Jharkhand) (06/2022),2022-06,2026-05,2030-06,2026-05,1377.0,1377.0,377.51,2026-05,FlashReport_May2026.pdf,Table 3: Completed Projects
709758,"CGD Project in Malda, Birbhum, Murshidabad, Dakshin Dinajpur GA ID 11A.03 West Bengal 06/2022 Ministry of Power Transmission & Distribution Total (4) 12261.55 8365.03",Hindustan Petroleum Corporation Limited,N16000498,West Bengal,,2026-05,2030-06,2026-05,2628.0,2628.0,390.91,2026-05,FlashReport_May2026.pdf,Table 3: Completed Projects
105236,"Project Assessment, Infrastructure Monitoring and Analytics for Nation-building Khammam-Devarapalle Pkg IV [4L Access Controlled Greenfield from Recherla village to Gurvaygudem village Design Chainage 105236 to 132664] Andhra Pradesh 11/2020",PAIMANA,N24001476,Andhra Pradesh (09/2022),2020-11,2024-09,2026-01,,569.37,752.02,499.99,2026-06,FlashReport_June_2026.pdf,Table 3: Completed Projects
113300,Widening/Improvement to 4-Lane with Paved Shoulder from KM 113300 to Km 146230 Design Chainage 113830 to 145712 of Kwaram Taro Village - Dillai Section in Assam on EPC Package-6,NHIDCL,N24001450,Assam (07/2022),2021-09,2024-07,2025-03,,625.64,,578.19,2026-06,FlashReport_June_2026.pdf,Table 3: Completed Projects
144020,Strengthening of existing 4L Ayodhya Bypass Section from design Km. 121 600 to Km. 144020 of NH 28 New NH 27Pkg-3,NHAI,N24002097,Uttar Pradesh (09/2023),2023-03,2025-03,2025-11,,526.45,281.13,270.75,2026-06,FlashReport_June_2026.pdf,Table 3: Completed Projects
170700,Rehabilitation and Up-gradation from Km 170700 Bhadrachalam to Km 234567 Konta on NH-30 to Two lane with Paved Shoulder in the State of Andra Pradesh on EPC mode. Andhra Pradesh 12/2021,MoRTH,N24001953,Andhra Pradesh (09/2022),2021-12,2024-09,2026-04,,436.09,,240.15,2026-06,FlashReport_June_2026.pdf,Table 3: Completed Projects
188830,Delhi-Amritsar-Katra Expressway Phase-I Pkg-VII from Junction with Patiala- Bathinda road NH-7 near Bhawanigarh to Junction with Ludhiana-Malerhkotla SH-11 near Bhogiwal village Km 188830 to km 225770,NHAI,N24001415,Punjab (07/2022),2020-12,2024-07,2026-02,,1759.82,1774.32,1695.83,2026-06,FlashReport_June_2026.pdf,Table 3: Completed Projects
37352,Upgradation of two lane paved shoulder from Shahpura existing km. 0.00 Design Ch. 000 to Thanagazi existing Km.37352 Design Ch. 36810 of NH- 248A on EPC mode in the State of Rajasthan.,MoRTH,N24001867,Rajasthan (02/2023),2022-03,2024-07,2025-07,,174.34,,100.48,2026-06,FlashReport_June_2026.pdf,Table 3: Completed Projects
400035,"Grass Root Rail-fed Depot at Sekerkote, Agartala as resitement of existing Dharmanagar Depot Total (2) 70840.14",Indian Oil Corporation Limited [IOCL],N16000495,Tripura (06/2022),2022-06,2025-09,2026-06,,656.0,656.0,546.57,2026-06,FlashReport_June_2026.pdf,Table 3: Completed Projects
40380,Up-gradation of NH-130C Abhanpur to Paund from NH Km. 0000 to KM 40380 to two lane with paved shoulders in the State of Chhattisgarh on EPC mode.,MoRTH,N24001919,Chhattisgarh (03/2022),2020-12,2023-09,2025-08,,193.16,,116.5,2026-06,FlashReport_June_2026.pdf,Table 3: Completed Projects
43700,Widening to two lane with paved shoulder of Rampachodavaram - Koyyuru section of NH 516E from Km 43700 to Km 113820 in the State of Andhra Pradesh on EPC mode Job No. 737 Andhra Pradesh 03/2022,MoRTH,N24001263,Andhra Pradesh (01/2023),2022-03,2025-01,2026-04,,568.12,,324.96,2026-06,FlashReport_June_2026.pdf,Table 3: Completed Projects
50860,4L Prayagraj Greenfield By-pass from design Km 50860 near Nibi Kala Uperhar to design Km 64763 on NH-19 near Khodaypur Kasgaon including Interchange loop at NH-19,NHAI,N24002106,Uttar Pradesh (12/2023),2023-08,2025-03,2026-02,,1017.99,427.54,412.74,2026-06,FlashReport_June_2026.pdf,Table 3: Completed Projects
56400,Widening and Reconstruction of existing road to four lane from Km.56400 to Km 120300 i.e. from B.Kothapalli Junction to Gorantla excluding Kadiri Bypass from Km 70200 to Km 77105 of NH 716G in the State of Andhra Pradesh on EPC mode Job no. 742 Andhra Pradesh 03/2022,MoRTH,N24001416,Andhra Pradesh (09/2023),2022-03,2025-12,2026-03,,839.98,,415.11,2026-06,FlashReport_June_2026.pdf,Table 3: Completed Projects
60800,Delhi-Amritsar-Katra Expressway Phase-I Pkg-III from Junction with Jind-Panipat road NH-352A near Gangana village to Junction with Jind-Karnal road NH-709A near Alewa village Km 60800 to Km 91400,NHAI,N24001633,Haryana (12/2021),2020-12,2023-12,2025-11,,1606.27,1813.91,1322.85,2026-06,FlashReport_June_2026.pdf,Table 3: Completed Projects
611948,Transmission system for evacuation of power from REZ in Rajasthan 20 GW under Phase-III part H Ministry of Road Transport & Highways Roads & Highways Total (3) 6279.94 6255.25,Power Grid Corporation of India Limited [POWERGRID],N18000374,Rajasthan (10/2023),2023-10,2025-04,2026-06,,1910.0,,1910.0,2026-06,FlashReport_June_2026.pdf,Table 3: Completed Projects
611967,Transmission Scheme for Solar Energy Zone in Ananthpuram 2500MW and Kurnool 1000MW Andhra Pradesh 09/2023,Power Grid Corporation of India Limited [POWERGRID],N18000380,Andhra Pradesh (09/2023),2023-09,2025-09,2026-05,,823.0,,798.31,2026-06,FlashReport_June_2026.pdf,Table 3: Completed Projects
617253,Revamping of old sub-systems of Blast Furnace 3 at Bokaro Steel Plant Jharkhand 08/2023 Total (1) 513.82 415.18,Steel Authority of India Limited [SAIL],N12000129,Jharkhand,,2025-07,2026-05,,513.82,,415.18,2026-06,FlashReport_June_2026.pdf,Table 3: Completed Projects
617891,"Construction of Two lane with Paved Shoulder for Fatehpur Bypass Design Km 0.000 to Km 7.400 , Mandawa Bypass Design Km 20.925 to Km 27.300 & Jhunjhunu Bypass Design Km 41.625 to Km 54.689 of NH-11 on EPC Mode in the state of Rajasthan .",MoRTH,N24001866,Rajasthan (02/2023),2022-03,2024-08,2025-09,,186.29,,78.06,2026-06,FlashReport_June_2026.pdf,Table 3: Completed Projects
617900,Upgradation to Two Lane Paved Shoulder in km 33/0 to 126/520 of NH-23 Old NH-11B Kothun-Lalsot-Karoli-Dholpur road in the state of Rajasthan under EPC mode Length-93.52 Km.,MoRTH,N24001530,Rajasthan (09/2022),2021-12,2024-09,2026-05,,150.11,,12.25,2026-06,FlashReport_June_2026.pdf,Table 3: Completed Projects
617924,Construction of bypass to Nayagarh town from km 235.469 to 252.482 of NH-57 including land acquisition in the state of Odisha.,MoRTH,N24001860,Odisha (05/2023),2022-01,2025-04,2026-02,,300.33,,103.64,2026-06,FlashReport_June_2026.pdf,Table 3: Completed Projects
617954,Balance work of Rehabilitation and upgrading to 2lane/2lane with paved shoulder configuration and strengthening from from Km 343.80 to 400.33 of Gowribidanur- Chik Ballapur section in the state of Karnataka Under Annual Plan 2021-22 under EPC Mode.-952,MoRTH,N24001937,Karnataka (02/2023),2022-03,2025-02,2025-10,,398.48,,242.02,2026-06,FlashReport_June_2026.pdf,Table 3: Completed Projects
617959,Rehabilitation & Widening work for 2 Lane with Paved Shoulder of Existing NH-80 from km 70.15 to Km 121.025 of Munger-Suttanganj -BhagatpurMirzachowki section on EPC Mode in the State of Bihar.,MoRTH,N24001875,Bihar (02/2023),2021-03,2025-01,2025-11,,477.54,,343.05,2026-06,FlashReport_June_2026.pdf,Table 3: Completed Projects
617970,Reconstruction of existing 2 L/IL to 2L with paved shoulder from existing km 52.200 to 92.880 of NH-,MoRTH,N24000775,Uttarakhand (06/2017),2016-10,2019-06,2023-09,,282.08,,352.53,2026-06,FlashReport_June_2026.pdf,Table 3: Completed Projects
617973,Strengthening and widening of existing 2 lane road to two lane paved shoulder from km 7.750 to 26.542 & km. 32.093 to 45.786 of NH-130 on EPC mode in the state of chhattisgarh.job No. 130-CG-2017-18-348,MoRTH,N24001228,Chhattisgarh (05/2019),2017-11,2020-11,2023-06,,188.8,,107.79,2026-06,FlashReport_June_2026.pdf,Table 3: Completed Projects
617975,"Project Assessment, Infrastructure Monitoring and Analytics for Nation-building Rehabilitation and upgradation to 2 lane with paved shoulder configuration from km 122.00 Dharasu Bend to km 147.230 Silkyara Bend of NH-94 in the state of Uttarakhand Total (121) 104751.18 80525.34",PAIMANA,N24000820,Uttarakhand (11/2017),2017-03,2019-11,2026-01,,237.79,,196.69,2026-06,FlashReport_June_2026.pdf,Table 3: Completed Projects
617990,Construction of bypass road to Adoni town connecting NH-167 Hagari - Jadcharla road from km.62/700 to 71/400 in Kurnool District in the State of Andhra Pradesh. Andhra Pradesh 03/2023,MoRTH,N24002025,Andhra Pradesh (02/2024),2023-03,2025-11,2025-11,,242.0,,99.13,2026-06,FlashReport_June_2026.pdf,Table 3: Completed Projects
617992,Rehabilitation & upgradation of NH - 167 from design km 187.723 to 234.434 Miryalaguda to Kodad section to two lane with paved shoulder on EPC mode in the state of Telangana,MoRTH,N24001281,Telangana (09/2018),2018-03,2020-09,2026-01,,322.81,322.81,154.47,2026-06,FlashReport_June_2026.pdf,Table 3: Completed Projects
617996,Widening to 2/4 Lane with paved shoulders from Km 182.120 to Km 227.600 of NH 167 on Haggari-Jadcherla Road on EPC mode under NHO in the state of Telangana,MoRTH,N24002132,Telangana (02/2017),2016-10,2019-02,2024-04,,298.0,,238.2,2026-06,FlashReport_June_2026.pdf,Table 3: Completed Projects
618002,Widening of existing single lane to intermediate lane road from Mokokchung to Chare via Dikhu in the state of Nagaland on EPC mode,MoRTH,N24001418,Nagaland (06/2023),2021-02,2025-06,2025-11,,192.93,,110.98,2026-06,FlashReport_June_2026.pdf,Table 3: Completed Projects
618008,"Construction of four-lane elevated viaduct from km.4634 to km.6345 on NH-24A including Retaining wall, service lane, at grade road and improvement of junctions, on EPC mode",MoRTH,N24001730,Uttar Pradesh (03/2022),2021-03,2023-09,2024-09,,185.09,269.81,200.32,2026-06,FlashReport_June_2026.pdf,Table 3: Completed Projects
618026,Rehabilitation and upgradation to two lane with paved shoulders from Km 0/000 to 72/6 of NH-365 Nakrekal to Tanamcherla section under NHDP IV in the state of Telangana under EPC mode,MoRTH,N24000996,Telangana (11/2017),2017-06,2019-10,2025-05,,605.08,,585.2,2026-06,FlashReport_June_2026.pdf,Table 3: Completed Projects
618045,"Construction of Mihona bypass, Lahar bypass, Daboh bypass & Bhander Bypass total length 20.60 km to 2-lane with paved shoulder from on Mihona-Bhander- MP/UP border section of NH 552E in the State of Madhya Pradesh on EPC mode Madhya Pradesh 03/2022",MoRTH,N24001962,Madhya Pradesh (06/2023),2022-03,2024-12,2025-07,,179.18,,74.89,2026-06,FlashReport_June_2026.pdf,Table 3: Completed Projects
618050,Rehabilitation and Upgradation to 2-lane/Intermediate lane configuration of Ashyari-Shri Kyari Section km 50.000 to km 75.000 of NH-707 in the state of Himachal Pradesh under Green National Highways Corridor Project GNHCP with the loan assistance of World Bank on EPC mode. Himachal Pradesh 08/2020,MoRTH,N24001422,Himachal Pradesh (09/2021),2020-08,2023-09,2025-12,,345.89,359.56,232.82,2026-06,FlashReport_June_2026.pdf,Table 3: Completed Projects
618093,Up-gradation to 2 lane with Paved shoulder from Charbhuja at Design km 0.00 existing km 150.00 to Neechli Oden Nathdwara at Design ch. Km 88.800 existing km 55.950 of NH-162E on EPC mode.,MoRTH,N24001927,Rajasthan (09/2023),2022-02,2025-09,2025-04,,838.43,,43.9,2026-06,FlashReport_June_2026.pdf,Table 3: Completed Projects
618099,"Rehabilitation & up-gradation for Talere Gaganbawada - kolhapur Road NH 166G stretch start from km. 0/00 to Km. 06/00 and km. 13/00 to km 19/440 of NH-166G, length 12.440 km in the State of Maharashtra.",MoRTH,,Maharashtra (10/2024),2024-03,2026-04,2025-10,,164.13,,115.51,2026-06,FlashReport_June_2026.pdf,Table 3: Completed Projects
618110,Improvement and upgradation to two lane with Paved Shoulder configuration from existing km 55.00 to km 90.00 Design length 34.76 of NH-227A near Chhapia Village to near Sikriganj in the State of UP on EPC Mode.,MoRTH,N24001469,Uttar Pradesh (11/2022),2021-11,2024-05,2025-05,,307.11,,136.8,2026-06,FlashReport_June_2026.pdf,Table 3: Completed Projects
618132,Widening & strengthening of existing carriageway in 2 lane with paved shoulders from km 25/0 to 59/2 design Ch km 25.467 to 59.200 of NH - 353C on EPC mode in the state of Telangana,MoRTH,N24000989,Telangana (06/2018),2018-02,2020-06,2025-01,,206.13,,318.62,2026-06,FlashReport_June_2026.pdf,Table 3: Completed Projects
618142,Widening to Two lane with Paved shoulders from km.40/410 to 84/037 of Thirumanlagiri-- Suryapet Section of NH-365B earstwhile section of SH-16,MoRTH,N24002025,Telangana (05/2017),2017-01,2019-05,2023-08,,244.54,,147.48,2026-06,FlashReport_June_2026.pdf,Table 3: Completed Projects
618143,widening to two lane with Paved shoulders from Km.0/970 to Km.40/410 of Jangaon - Thirumal giriof NH- 365B in the state of Telanganaon EPC mode under NHO Annual Plan 2016-17,MoRTH,N24000983,Telangana (11/2017),2017-03,2019-10,2023-10,,197.0,,3.24,2026-06,FlashReport_June_2026.pdf,Table 3: Completed Projects
618191,"Rehabilitation and upgradation of NH-167AD from Macherla to Dachepalli via Paluvai Junction, Rentachinthala, Gurazala from Km.0.000 to 43.659 to two lane with paved shoulders in the state of Andhra Pradesh job-729 Andhra Pradesh 01/2022",MoRTH,N24001951,Andhra Pradesh (01/2023),2022-01,2025-01,2026-02,,403.22,,256.17,2026-06,FlashReport_June_2026.pdf,Table 3: Completed Projects
618237,Rehabilitation and Up-gradation of Pasarlapudi to Dhindi section from Km 105/170 to Km 126/510 of NH -214 New NH -216 to two lane with paved shoulder in the state of Andhra Pradesh under NHDP-IV Andhra Pradesh 03/2017,MoRTH,N24000969,Andhra Pradesh (09/2017),2017-03,2019-09,2026-01,,263.45,,158.8,2026-06,FlashReport_June_2026.pdf,Table 3: Completed Projects
618258,Two laning with paved shoulders of Gondiguda to Araku uptoBhallaguda section of NH 516E Andhra Pradesh 08/2020,MoRTH,N24001956,Andhra Pradesh (09/2021),2020-08,2023-09,2025-12,,296.66,289.11,275.38,2026-06,FlashReport_June_2026.pdf,Table 3: Completed Projects
618259,Two laning with paved shoulders of Paderu to GundigudaSection of NH 516E Andhra Pradesh 08/2020,MoRTH,N24001386,Andhra Pradesh,,2023-03,2025-10,,222.61,,181.04,2026-06,FlashReport_June_2026.pdf,Table 3: Completed Projects
618285,Widening/Improvement to 4 -Lane with Paved Shoulder from Ch. 88.000km to Ch.99.930 km Design Ch.84.100km to Ch.96.000 km of Sagunbashi forest near Nichinta to starting of Krishnai Bypass Section of Bilasipura Guwahati road NH 17 on EPC Package-7,NHIDCL,N24001368,Assam (10/2023),2021-03,2025-10,2025-08,,286.72,,220.81,2026-06,FlashReport_June_2026.pdf,Table 3: Completed Projects
618329,Construction of 4/6 Laning from Km 132.375 to Km 153.058 Total New Alignment length of 20.683 Km of Daboka-Dimapur Section Dimapur Bypass Nagaland Portion of NH-36 & 39 in the State of Nagaland on EPC basis under PhaseA of SARDP-NE,NHIDCL,N24001281,Nagaland (09/2017),2017-02,2020-09,2025-09,,819.39,,635.0,2026-06,FlashReport_June_2026.pdf,Table 3: Completed Projects
618330,Construction of 4/6 Laning from existing Km 159.400 of NH-36 to existing Km 102.500 of NH-39 and upto end point of Assam portion [Design Km 118.050 to design Km 132.375] Total New Alignment length of 14.325 Km of Daboka - Dimapur Section Dimapur Bypass in the state of Assam under SARDP-NE 'Phase-A' on EPC mode Assam Portion,NHIDCL,N24001263,Assam (11/2019),2018-03,2022-11,2025-11,,511.02,,671.35,2026-06,FlashReport_June_2026.pdf,Table 3: Completed Projects
618341,Up-gradation to 2-lane with paved shoulders of Ngopa - Pawlrang section of NH 102B of Aizawl - Imphal Economic Corridor from Existing Chainage km 32.796 to km 72.030 [Design Chainage km 31.280 to km 68.170] in the State of Mizoram under Bharatmala Pariyojna on EPC mode under NHO-NE Package-2 Keifang- Tuivai Pkg-2,NHIDCL,N24001545,Mizoram (09/2023),2021-09,2025-02,2025-06,,523.78,,426.69,2026-06,FlashReport_June_2026.pdf,Table 3: Completed Projects
618372,"Widening / Improvement to 4-Lane with Paved Shoulder configuration of existing single lane road from Kachukhana Harichara Paglagaunj to Dhubri - Phulbari Bridge approach Package-II of Srirampur - Dhubri Section of NH-127B from existing Km 28.050 to Km 55.060 Design Km 27.650 to Km 54.154, Design Length26.504 Km under JICA ODA Loan assistance Phase-V [Srirampur - Dhubri Pkg-2]",NHIDCL,N24001544,Assam (01/2023),2022-03,2025-01,2025-06,,909.02,,683.81,2026-06,FlashReport_June_2026.pdf,Table 3: Completed Projects
618381,Widening and up-gradation to 2-lane with paved shoulder configuration and geometric improvements from km 250.00 Lunglei to km 298.00 on Aizawl- Tuipang section under JICA ODA Loan assistance Phase-I Package-6,NHIDCL,N24000863,Mizoram (12/2019),2019-09,2023-06,2025-05,,768.76,,168.78,2026-06,FlashReport_June_2026.pdf,Table 3: Completed Projects
618382,Widening and up-gradation to 2-lane with paved shoulder configuration and geometric improvements from km 298.00 to km 339.00 on Aizawl-Tuipang section under JICA ODA Loan assistance Phase-I Package-7,NHIDCL,N24000864,Mizoram (10/2020),2019-09,2024-04,2025-05,,605.76,750.32,132.33,2026-06,FlashReport_June_2026.pdf,Table 3: Completed Projects
618384,Widening and Up-gradation to 2- Lane with Paved Shoulder Configuration and geometric improvement from Km. 166. 000 to Km 208.000 Package-4 on Aizawl Tuipang Section of NH-54 in the State of Mizoram Package-4,NHIDCL,N24000862,Mizoram (10/2019),2019-09,2023-04,2025-04,,899.45,,191.68,2026-06,FlashReport_June_2026.pdf,Table 3: Completed Projects
618386,Rehabilitation & Upgradation of Road from Km 0.00 to Km 18.600 Total length- 18.600 km of Kumarghat-Kailashahar section on NH-208 to 2-lane with Paved shoulder on EPC bais under NHO,NHIDCL,N24001263,Tripura (07/2020),2020-02,2022-01,2024-12,,277.5,302.03,273.04,2026-06,FlashReport_June_2026.pdf,Table 3: Completed Projects
618456,Delhi-Vadodara Greenfield Alignment NH-148N Pkg-14 Ch. 388.420 to Ch. 419.000 [Junction with NH- 76 to Junction with NH-12 near village Ummedpura],NHAI,N24001568,Rajasthan (05/2021),2019-11,2023-05,2025-03,,1119.35,1194.17,1114.19,2026-06,FlashReport_June_2026.pdf,Table 3: Completed Projects
618464,Vadodara Mumbai Expressway Ena -Kim Phase IB - Pkg VI [Km 217.500 to Km 254.430],NHAI,,Gujarat (12/2021),2020-05,2023-12,2025-06,,2271.86,4297.28,2991.42,2026-06,FlashReport_June_2026.pdf,Table 3: Completed Projects
618465,Vadodara Mumbai Expressway Gandeva to Ena Phase IB - Pkg VII [Km 190.00 to Km 217.500],NHAI,N24001789,Gujarat (11/2021),2020-07,2023-11,2026-01,,1710.3,3392.21,2451.01,2026-06,FlashReport_June_2026.pdf,Table 3: Completed Projects
618468,Vadodara Mumbai Expressway Phase II - Pkg XI [Km. 77.000 to Km. 103.400] Ganjad - Talsari,NHAI,N24001504,Maharashtra (05/2022),2020-06,2024-05,2026-01,,1524.71,1913.95,901.76,2026-06,FlashReport_June_2026.pdf,Table 3: Completed Projects
618498,6L Greenfield Kanpur - Lucknow Expressway Pkg II from km. 28.500 to km. 73.744,NHAI,N24001731,Uttar Pradesh (11/2022),2021-12,2025-05,2026-02,,2471.56,2489.0,1439.5,2026-06,FlashReport_June_2026.pdf,Table 3: Completed Projects
618501,Ahmedabad - Dholera Pkg I from km. 0.00 to km. 22.00 [Sardar Patel Ring Road - Sindhrej Village],NHAI,N24001443,Gujarat (01/2022),2020-05,2024-01,2026-01,,1298.0,1421.05,1385.83,2026-06,FlashReport_June_2026.pdf,Table 3: Completed Projects
618502,Ahmedabad - Dholera Pkg II from km. 22.00 to km. 48.52 [Sindhrej Village - Vejallka Village],NHAI,N24001444,Gujarat (01/2022),2020-05,2024-01,2026-04,,1415.34,1729.69,1785.68,2026-06,FlashReport_June_2026.pdf,Table 3: Completed Projects
618515,6L from Belgaum to Sankeshwar Bypass from Km. 515.000 to Km. 555.017 of NH-48 Pkg-I,NHAI,N24001679,"Multi-States (Maharashtra, Karnataka) (10/2022)",2021-11,2025-04,2026-03,,1479.3,1237.04,1199.4,2026-06,FlashReport_June_2026.pdf,Table 3: Completed Projects
618527,Six Laning of Vijayawada Bypass from Gollapudi to Chinnakakani in Vijayawada - Gundugolanu Section from km. 30.00 to km. 47.881 Pkg-IV Andhra Pradesh 01/2020,NHAI,N24001301,Andhra Pradesh (07/2021),2020-01,2024-01,2026-05,,1194.57,1757.82,862.83,2026-06,FlashReport_June_2026.pdf,Table 3: Completed Projects
618532,"6L of Aurangabad to Bihar-Jharkhand border Chordaha section from km. 209.827 to Km. 249.525 of NH-19 PKG-02 Multi-States (Bihar,",NHAI,N24001700,Jharkhand) (03/2022),2021-06,2024-03,2026-04,,1822.46,738.11,611.43,2026-06,FlashReport_June_2026.pdf,Table 3: Completed Projects
618553,6L of Agra Bypass Northern connecting Km. 174.500 of NH-2 new NH-19 to Km. 141.000 of Yamuna Expressways,NHAI,N24001852,Uttar Pradesh (02/2023),2022-01,2025-02,2026-01,,957.62,1034.42,759.58,2026-06,FlashReport_June_2026.pdf,Table 3: Completed Projects
618562,Dindigul Bypass - Samyanallore from km. 373.275 to km. 426.00 Tamil Nadu 06/2005,NHAI,,Tamil Nadu,,2009-01,2025-07,,579.0,295.5,141.09,2026-06,FlashReport_June_2026.pdf,Table 3: Completed Projects
618570,4L Elevated Highway and at grade improvements at Gopalganj Town from Km. 384.000 to Km. 386.750 on NH-27,NHAI,N24001702,Bihar (03/2022),2021-10,2024-08,2025-05,,325.57,248.92,241.89,2026-06,FlashReport_June_2026.pdf,Table 3: Completed Projects
618576,"6L Standalone Flyovers at Raha, Demow, Borghat, Kathiatali junctions and ROB at Jagiroad on stretches of NH 36 and NH 27",NHAI,N24001545,Assam (12/2022),2022-03,2024-06,2024-10,,280.75,255.53,212.27,2026-06,FlashReport_June_2026.pdf,Table 3: Completed Projects
618578,"Project Assessment, Infrastructure Monitoring and Analytics for Nation-building 6L Access Controlled Highway from DND Maharani Bagh - Jn. with Jaitpur - Pushta Road of NH-148NA from km. 0.00 to km. 9.00 in NCR",PAIMANA,N24001773,Delhi (01/2022),2020-07,2024-07,2026-04,,1467.44,2510.34,1652.29,2026-06,FlashReport_June_2026.pdf,Table 3: Completed Projects
618582,4L of Galgalia - Bahadurganj section from Km 0.000 to Km 49.000 Package-I of NH327E,NHAI,,Bihar (01/2022),2021-01,2024-01,2025-02,,1282.97,1282.97,816.12,2026-06,FlashReport_June_2026.pdf,Table 3: Completed Projects
618583,4L of Bahadurganj Araria section from Km 49.000 to Km 94.000 Package-II of NH-327E,NHAI,,Bihar (01/2022),2021-01,2024-01,2025-01,,1358.77,1358.77,812.28,2026-06,FlashReport_June_2026.pdf,Table 3: Completed Projects
618614,Sanchore - Santalpur from km 67.000 - km 99.000 of NH-754K AJ-RGBS- Package-3,NHAI,N24001790,Gujarat (08/2021),2020-02,2023-08,2024-01,,752.3,765.25,601.6,2026-06,FlashReport_June_2026.pdf,Table 3: Completed Projects
618624,Mangloor to Telangana Maharashtra Border,NHAI,,"Multi-States (Maharashtra, Telangana) (04/2019)",2018-03,2021-04,2025-10,,1082.65,1323.12,1011.7,2026-06,FlashReport_June_2026.pdf,Table 3: Completed Projects
618625,"Project Assessment, Infrastructure Monitoring and Analytics for Nation-building Indore - Gujarat / MP Border from km. Km 9.500 to Km 171.000 of NH-59 in MP Madhya Pradesh 12/2009",PAIMANA,,Madhya Pradesh,,2013-02,2026-02,,1175.0,217.22,191.43,2026-06,FlashReport_June_2026.pdf,Table 3: Completed Projects
618638,Tarsod - Fagne section of NH-6 Maharashtra 06/2016,NHAI,,Maharashtra,,2021-07,2026-04,,2267.99,2560.5,2213.75,2026-06,FlashReport_June_2026.pdf,Table 3: Completed Projects
618652,Chakur Loha Section of NH-361 from km 114.600 to km 187.80 Maharashtra 03/2018,NHAI,,Maharashtra,,2021-03,2026-02,,1241.38,3342.11,1717.21,2026-06,FlashReport_June_2026.pdf,Table 3: Completed Projects
618665,4L of Sagar - Mohari from Km.8 to Km.50 Pkg-I Madhya Pradesh 03/2021,NHAI,N24001615,Madhya Pradesh,,2024-04,2026-03,,790.78,660.38,555.28,2026-06,FlashReport_June_2026.pdf,Table 3: Completed Projects
618676,6L of Dhanara - Hatibena Section from Km 124.611 to km 146.50 of NH-130-CD Package OD-1 Multi-States,NHAI,N24001669,(03/2022),2021-02,2024-03,2026-03,,477.76,638.32,359.28,2026-06,FlashReport_June_2026.pdf,Table 3: Completed Projects
618695,Indore - Harda Pkg-III [Nanasa to Pidgaon Section from km 95.000 to km 142.445] Madhya Pradesh 01/2020,NHAI,N24001762,Madhya Pradesh (10/2021),2020-01,2023-10,2026-04,,1146.22,1240.64,758.23,2026-06,FlashReport_June_2026.pdf,Table 3: Completed Projects
618698,Challakere to Hariyur section from km 358.500 to km 414.205 of NH-150 A Karnataka 03/2018,NHAI,,Karnataka,,2023-01,2025-12,,1167.52,1873.58,1243.48,2026-06,FlashReport_June_2026.pdf,Table 3: Completed Projects
618699,Pipli Bhavnagar-Package 1 from km 136.025 to km 169.328 Gujarat 03/2018,NHAI,,Gujarat,,2021-09,2024-03,,819.14,1297.38,975.85,2026-06,FlashReport_June_2026.pdf,Table 3: Completed Projects
618701,Balance work of 4L of Nauradehi Sanctuary de-scoped stretch of Hiran River to Sindoor River from Km. 66.00 to 130.00 NH-12 New NH-45 Madhya Pradesh 01/2021,NHAI,N24002067,Madhya Pradesh (07/2021),2021-01,2023-07,2025-07,,178.18,153.15,143.37,2026-06,FlashReport_June_2026.pdf,Table 3: Completed Projects
618743,Trichy 135.800 to Karur 218.000 section of NH-67 - Trichy Bypass Tamil Nadu 12/2006,NHAI,,Tamil Nadu,,2010-07,2026-06,,876.88,360.88,336.71,2026-06,FlashReport_June_2026.pdf,Table 3: Completed Projects
618745,4L of Vadugapatti to Therkuvenganallur Rajapalyam section from km 36.000 to km 71.600 of NH-744,NHAI,N24002114,Tamil Nadu (04/2023),2022-02,2025-04,2026-06,,1317.6,1137.16,954.04,2026-06,FlashReport_June_2026.pdf,Table 3: Completed Projects
618755,"4L of left out existing road section from Lalgopalganj Km 161.450 to Nawabganj Km 180.200 in Prayagraj Multi-States (Rajasthan,",NHAI,,Uttar Pradesh) (04/2025),2024-03,2026-03,2026-04,,159.53,100.74,93.24,2026-06,FlashReport_June_2026.pdf,Table 3: Completed Projects
618760,"4L Greenfield a Malout bypass from ch. Km 44.500 to ch. Km 35.500 on NH-07 and Ch. Km 0.000 to Km 6.984 on NH-09 bMandi Dabwali Bypass from Ch. 38.450 Km to Km 27.910 Pkg-02 Multi-States (Punjab,",NHAI,N24001638,Haryana) (12/2022),2021-11,2024-07,2026-01,,646.42,556.09,571.11,2026-06,FlashReport_June_2026.pdf,Table 3: Completed Projects
618770,4L Spur of Panipat - Shamli connecting NH-709AD Panipat Shamli Muzaffarnagar and NH-709A Karnal Meerut bypassing Shamli district UP,NHAI,N24001729,Uttar Pradesh (10/2022),2021-10,2024-10,2025-05,,516.16,273.42,247.21,2026-06,FlashReport_June_2026.pdf,Table 3: Completed Projects
618771,"6L of Varadharajula to Kumarajapet from km 0.000 to km 43.800 of NH-716B Pkg-I Multi-States (Andhra Pradesh, Tamil Nadu)",NHAI,N24001820,(12/2022),2021-02,2024-12,2026-02,,1924.75,1887.38,1120.2,2026-06,FlashReport_June_2026.pdf,Table 3: Completed Projects
618773,Tuticorin - Tirunelveli from km. 0.00 to km. 47.250 Tamil Nadu 11/2009,NHAI,,Tamil Nadu,,2012-04,2014-06,,449.85,452.48,2.8,2026-06,FlashReport_June_2026.pdf,Table 3: Completed Projects
618774,Ara - Mohania Pkg-II Bihar 08/2020,NHAI,N24001712,Bihar,,2023-07,2025-11,,984.63,827.51,798.25,2026-06,FlashReport_June_2026.pdf,Table 3: Completed Projects
618779,4L of Aurangabad-Paithan Bihar 09/2022,NHAI,N24001795,Bihar,,2024-07,2025-12,,1505.0,349.96,328.32,2026-06,FlashReport_June_2026.pdf,Table 3: Completed Projects
618819,Balance work of Panikoili Rimoli Section of new NH-20 from Km 0.00 to Km. 163.000,NHAI,N24001647,Odisha (03/2021),2020-09,2022-03,2023-12,,183.03,200.79,185.4,2026-06,FlashReport_June_2026.pdf,Table 3: Completed Projects
618828,"Project Assessment, Infrastructure Monitoring and Analytics for Nation-building 4L from Km 219.600 Khajuri to Km 260.483 Wyndhamganj on NH-75 Sec-V Multi-States (Uttar Pradesh, Jharkhand)",PAIMANA,N24002053,(09/2023),2022-03,2025-09,2026-05,,1436.49,1465.55,959.96,2026-06,FlashReport_June_2026.pdf,Table 3: Completed Projects
618829,4L from km 196.87 Sankha to km 219.6 Khajuri on NH-75 [Rehla / Garhwa Bypass],NHAI,N24001590,Jharkhand (10/2021),2020-09,2023-10,2025-03,,1129.48,1129.48,790.59,2026-06,FlashReport_June_2026.pdf,Table 3: Completed Projects
618834,4L Kodinar - Veraval Package VI from km. 222.400 to km. 230.00 Kodinar Bypass of NH-8E NH 51 new,NHAI,N24001827,Gujarat (04/2022),2022-03,2023-09,2025-05,,162.73,192.01,189.95,2026-06,FlashReport_June_2026.pdf,Table 3: Completed Projects
618835,4L of Bal Works of Talaja - Mahuva from 54.990 km. to 100.450 km. of Old NH- 8E Package-II,NHAI,N24001792,Gujarat (03/2021),2020-08,2022-09,2024-05,,698.4,735.51,726.01,2026-06,FlashReport_June_2026.pdf,Table 3: Completed Projects
618839,Aunta - Simaria including Ganga Bridge Bihar 01/2017,NHAI,N24000696,Bihar,,2022-02,2026-03,,1309.47,2107.68,1209.46,2026-06,FlashReport_June_2026.pdf,Table 3: Completed Projects
618849,Conversion of Partially Excavated Escape Tunnel to Uni-Directional 2L Tunnelincluding construction of cross passages and approach roads on either side of the tunnel from Km 12.732 to Km 14.568 of Kiratpur to Nerchowk Section of NH-21,NHAI,N24001809,Chhattisgarh (09/2022),2022-05,2024-03,2026-04,,444.21,412.88,394.73,2026-06,FlashReport_June_2026.pdf,Table 3: Completed Projects
618854,2L PS of Raebareli - Jagdishpur with 4L Jagdishpur Bypass Spur Uttar Pradesh 02/2021,NHAI,N24001306,Uttar Pradesh,,2024-01,2025-11,,706.41,752.52,534.31,2026-06,FlashReport_June_2026.pdf,Table 3: Completed Projects
618855,"Improvement and Up-Gradation of Existing Road to 2/4L PS from Km 40.000 to 88.750, start of Khutar bypass to start of Shahjahanpur bypass of NH 731Pkg-I",NHAI,N24001727,Uttar Pradesh (02/2023),2022-03,2025-02,2026-03,,838.68,838.68,616.56,2026-06,FlashReport_June_2026.pdf,Table 3: Completed Projects
618864,4L from Mathura Bypass Start at Existing Km. 154.20 of NH-44 to Gaju Village at Km 32.982 of NH-530B Pkg-IB,NHAI,N24001851,Uttar Pradesh (03/2023),2022-01,2025-03,2026-01,,1722.11,1820.77,1057.04,2026-06,FlashReport_June_2026.pdf,Table 3: Completed Projects
618865,4L from Gaju Village at Km. 32.982 to Devinagar Bypass End at Km. 208.000 of NH-530B Pkg-1C.,NHAI,N24001730,Uttar Pradesh (01/2023),2021-12,2025-01,2025-04,,1384.79,1496.44,862.65,2026-06,FlashReport_June_2026.pdf,Table 3: Completed Projects
618874,Four Laning of Trichy - Dindigul from km. 333.00 to km. 421.273 of NH-45 Tamil Nadu 12/2006,NHAI,,Tamil Nadu,,2010-07,2026-06,,1003.11,435.81,377.7,2026-06,FlashReport_June_2026.pdf,Table 3: Completed Projects
618897,4L of Sethiyathope -Cholapuram section from Km. 65.960 to Km. 116.440 section of NH45 C Pkg-II,NHAI,N24000708,Tamil Nadu (08/2018),2017-03,2020-08,2025-11,,2356.19,2356.9,1697.35,2026-06,FlashReport_June_2026.pdf,Table 3: Completed Projects
618912,"Construction of Rudrapur Bypass Section from Km. 0.000 to 20.640 in the state of Uttar Pradesh & Uttarakhand Multi-States (Uttar Pradesh, Uttarakhand)",NHAI,,(01/2024),2023-03,2026-01,2026-03,,1051.73,1117.17,670.74,2026-06,FlashReport_June_2026.pdf,Table 3: Completed Projects
618913,4-L of Rajamunda to Barkote Section of NH-23 from km. 287.200 to km. 337.185 Odisha 10/2017,NHAI,N24000739,Odisha,,2021-06,2025-07,,609.63,630.97,608.19,2026-06,FlashReport_June_2026.pdf,Table 3: Completed Projects
618915,4L of Bal. works of Patna - Gaya -Dobhi Pkg-II from km. 39.00 to km. 83.00 of Old NH-83,NHAI,N24001304,Bihar (11/2020),2019-09,2022-11,2025-05,,1637.29,777.2,764.68,2026-06,FlashReport_June_2026.pdf,Table 3: Completed Projects
618916,4L of Bal. works of Patna - Gaya -Dobhi Pkg-III from km. 83.00 to km. 127.217 of Old NH-83,NHAI,N24001305,Bihar (11/2020),2019-09,2022-11,2025-05,,1077.46,799.7,803.33,2026-06,FlashReport_June_2026.pdf,Table 3: Completed Projects
618919,4L PS from Mandlem Existing Km. 38.000/Design Km.30.600 to Atmakur Existing Km.73.000/Design Km 66.115 of NH340C Package2 Andhra Pradesh 03/2023,NHAI,N24001984,Andhra Pradesh (11/2023),2023-03,2025-11,2025-11,,887.28,913.03,550.42,2026-06,FlashReport_June_2026.pdf,Table 3: Completed Projects
618935,"4L Ambala - Kalaamb from Km. -0.800 to Km. 33.015 of old NH-72 Multi-States (Punjab,",NHAI,N24002044,Haryana) (06/2023),2022-10,2025-06,2026-02,,1183.7,1190.34,706.54,2026-06,FlashReport_June_2026.pdf,Table 3: Completed Projects
618938,4L of Rajura-Korpana-Adilabad Road upto M.S. Border from km 32.910 to km 89.090 of NH-353B,NHAI,N24001796,"Multi-States (Maharashtra, Telangana) (10/2022)",2022-03,2024-10,2026-03,,1013.33,1274.63,699.33,2026-06,FlashReport_June_2026.pdf,Table 3: Completed Projects
618943,Salem - Ulundurpet section from km 0.313 to km 136.670 of NH-68 Tamil Nadu 12/2006,NHAI,,Tamil Nadu,,2011-01,2025-11,,861.23,1019.85,940.44,2026-06,FlashReport_June_2026.pdf,Table 3: Completed Projects
618946,4L of Mehgama - Hansdiha from km. 41.900 to km. 93.000 of NH -133A Pkg-II Jharkhand 03/2022,NHAI,N24002057,Jharkhand,,2025-05,2026-05,,1479.72,1568.18,1034.52,2026-06,FlashReport_June_2026.pdf,Table 3: Completed Projects
619063,4L Greenfield spur from Delhi-Vadodara Greenfield expressway near Bandikui to Jaipur,NHAI,N24001557,Rajasthan (11/2022),2022-03,2024-11,2025-10,,1636.15,2170.39,1283.3,2026-06,FlashReport_June_2026.pdf,Table 3: Completed Projects
619067,6L of Chiloda-Naroda section from Km. 540.595 to Km. 555.595 of NH- 8Package-VII,NHAI,,Gujarat (05/2017),2016-11,2019-05,2026-02,,356.6,463.03,443.07,2026-06,FlashReport_June_2026.pdf,Table 3: Completed Projects
619075,6L of Bhubaneswar - Jagatpur - Chandikhole Section of NH-16 Odisha 01/2009,NHAI,,Odisha,,2014-06,2026-04,,639.3,632.89,579.23,2026-06,FlashReport_June_2026.pdf,Table 3: Completed Projects
619083,"Project Assessment, Infrastructure Monitoring and Analytics for Nation-building Thumbipadi-Namakkal from km. 180.00 to km. 248.625 Package No. NS- 2/BOT/TN-02",PAIMANA,,Tamil Nadu (08/2006),2005-06,2009-02,2026-06,,255.53,395.43,392.41,2026-06,FlashReport_June_2026.pdf,Table 3: Completed Projects
619084,Start of Karur Bypass - Dindigul from km. 292.600 to km. 305.600 Contract Package No. NS2/BOT/TN-4,NHAI,,Tamil Nadu (10/2006),2005-08,2009-04,2025-12,,461.54,515.03,222.72,2026-06,FlashReport_June_2026.pdf,Table 3: Completed Projects
619104,"4L/2L PS of Govindpur Raiganj - Chas - WB border section of from km. 0.00 to km. 56.889 of Old NH-32 Multi-States (West Bengal, Jharkhand)",NHAI,,(12/2017),2016-03,2019-12,2025-09,,1139.65,1154.8,1064.7,2026-06,FlashReport_June_2026.pdf,Table 3: Completed Projects
619121,4L of Hubli - Hospet Section of NH-63 from Km 128.850 to Km 272.571 Karnataka 07/2016,NHAI,,Karnataka,,2020-03,2026-03,,2531.99,3619.32,3522.85,2026-06,FlashReport_June_2026.pdf,Table 3: Completed Projects
619122,Akshardham - DL/UP Border Pkg-01 Multi-States (Uttar,NHAI,N24001771,"Pradesh, Delhi) (06/2022)",2020-09,2024-12,2024-08,,1479.22,1476.75,1399.88,2026-06,FlashReport_June_2026.pdf,Table 3: Completed Projects
619144,Hospet - Chitradurga from km. 299.00 to km. 418.750 Karnataka 03/2015,NHAI,,Karnataka,,2018-08,2026-06,,1519.72,387.48,331.26,2026-06,FlashReport_June_2026.pdf,Table 3: Completed Projects
619147,4L of Bal Works of Mahuva to Kagvadar from 100.450 Km. to 140.470 Km. of NH-8E Pkg- III,NHAI,N24001793,Gujarat (03/2021),2020-08,2022-09,2024-07,,603.08,628.49,624.43,2026-06,FlashReport_June_2026.pdf,Table 3: Completed Projects
619148,4L of Bhavnagar - Talaja Package-I from Km. 6.945 to Km. 54.990 of Old NH-8E Gujarat 03/2016,NHAI,,Gujarat,,2019-08,2024-06,,1185.66,1343.16,1316.53,2026-06,FlashReport_June_2026.pdf,Table 3: Completed Projects
619209,4L of existing 2/4L stretch from Lonand to Dive Ghat Km 166.400 to Km 220.900 of Mohol Alandi section of NH-965 Pkg - V,NHAI,,Maharashtra (05/2022),2021-10,2024-05,2026-03,,1709.56,2049.51,1295.04,2026-06,FlashReport_June_2026.pdf,Table 3: Completed Projects
619320,Muzaffarpur - Sonbarsa Section of NH-77 from km 2.800 to km 89.000 Bihar 05/2011,NHAI,,Bihar,,2013-11,2026-03,,2290.72,2311.1,2308.19,2026-06,FlashReport_June_2026.pdf,Table 3: Completed Projects
67880,Up-gradation of NH-930 Sherpar to Kohka from Km.67880 to Km.114860 to 2LPS in Chhattisgarh under EPC mode,MoRTH,N24001917,Chhattisgarh (05/2022),2020-03,2024-05,2025-12,,278.97,,210.82,2026-06,FlashReport_June_2026.pdf,Table 3: Completed Projects
68617,Construction & Upgradation to 2 lane with paved shoulder from Design Km. 31.449 Khellani Ex. Km 44.946 to Km 51.700 Prem Nagar Ex. Km 68617 of 20.251 Km length on Khellani - Kishtwar - Chattroo section of NH-244 in the UT of J&K on EPC Mode under NHO-Gen PKG- 1 Jammu and Kashmir 02/2021,NHIDCL,N24001323,Jammu and Kashmir,,2022-09,2024-11,,486.45,,300.52,2026-06,FlashReport_June_2026.pdf,Table 3: Completed Projects
701105,Goa Airport Terminal Building Extension Project Goa 11/2017 Ministry of Petroleum & Natural Gas Total (1) 255.69 161.06,Airport Authority of India [AAI],N04000095,Goa,,2021-12,2026-04,,255.69,255.69,161.06,2026-06,FlashReport_June_2026.pdf,Table 3: Completed Projects
701263,Rajasthan Refinery Project Rajasthan 10/2017,MinistryofPetroleumNaturalGas,N16000513,Rajasthan,,2022-10,2026-06,,43129.0,79459.0,70293.57,2026-06,FlashReport_June_2026.pdf,Table 3: Completed Projects
709760,HP TDAE Unit in Mumbai Refinery Maharashtra 06/2024,Hindustan Petroleum Corporation Limited,N16000534,Maharashtra,,2026-04,2026-06,,240.0,240.0,160.8,2026-06,FlashReport_June_2026.pdf,Table 3: Completed Projects
709782,ATF Pipeline from Jawaharlal Nehru Port Trust to Navi Mumbai International Airport Ministry of Power Transmission & Distribution Total (2) 264.16,Indian Oil Corporation Limited [IOCL],N16000456,Maharashtra (08/2022),2022-08,2025-08,2026-06,,165.0,165.0,103.36,2026-06,FlashReport_June_2026.pdf,Table 3: Completed Projects
900808,"Transmission System for Kurnool Wind Energy Zone/ Solar Energy Zone Part-A and Part-B Multi-States (Telangana, Andhra Pradesh)",Power Grid Corporation of India Limited [POWERGRID],N18000352,Andhra Pradesh) (03/2023),2022-11,2024-11,2026-05,,3546.94,,3546.94,2026-06,FlashReport_June_2026.pdf,Table 3: Completed Projects
91400,Delhi-Amritsar-Katra Expressway Phase-I Pkg-IV from Junction with Jind-Karnal road NH-709A near Alewa village to Junction with Ambala-Kaithal-Hissar road NH-152 near Kharak Pandwa village Km 91400 to Km 120250,NHAI,N24001634,Haryana (12/2021),2021-01,2023-12,2025-11,,1306.95,1578.66,1098.84,2026-06,FlashReport_June_2026.pdf,Table 3: Completed Projects
