ablation,feature,importance,rank
A_Full_Model,months_to_original_doc_t,0.281202,1
A_Full_Model,current_schedule_status_as_of_t_on_schedule,0.159164,2
A_Full_Model,current_schedule_status_as_of_t_past_due_breached,0.089484,3
A_Full_Model,physical_progress_t,0.045985,4
A_Full_Model,min_progress_to_date_t,0.041683,5
A_Full_Model,average_progress_to_date_t,0.04022,6
A_Full_Model,remaining_physical_progress_t,0.034661,7
A_Full_Model,schedule_slippage_months_t,0.027536,8
A_Full_Model,physical_progress_lag1,0.021482,9
A_Full_Model,expenditure_ratio_pct_t,0.021308,10
A_Full_Model,max_progress_to_date_t,0.019931,11
A_Full_Model,months_to_revised_doc_t,0.017521,12
A_Full_Model,project_age_months_t,0.016802,13
A_Full_Model,agency_active_project_count_t,0.016635,14
A_Full_Model,agency_mean_progress_t,0.014159,15
A_Full_Model,current_schedule_status_as_of_t_delayed_rescheduled,0.01251,16
A_Full_Model,agency_median_progress_t,0.011613,17
A_Full_Model,physical_progress_lag2,0.009659,18
A_Full_Model,planned_duration_months,0.008481,19
A_Full_Model,agency_mean_expenditure_ratio_t,0.006272,20
A_Full_Model,state_active_project_count_t,0.005975,21
A_Full_Model,agency_mean_cost_t,0.005671,22
A_Full_Model,cumulative_expenditure_lag1,0.005555,23
A_Full_Model,physical_progress_lag3,0.005255,24
A_Full_Model,cumulative_expenditure_t,0.005121,25
A_Full_Model,original_cost_crore,0.004634,26
A_Full_Model,original_cost_log,0.004416,27
A_Full_Model,revised_cost_t,0.004398,28
A_Full_Model,state_mean_progress_t,0.003578,29
A_Full_Model,reporting_structure_version_t_v2_focused_cohort,0.003268,30
A_Full_Model,cost_escalation_pct_t,0.003241,31
A_Full_Model,missing_revised_doc_t,0.003022,32
A_Full_Model,state_mean_cost_t,0.002631,33
A_Full_Model,state_mean_expenditure_ratio_t,0.002587,34
A_Full_Model,reporting_structure_version_t_v1_initial,0.002545,35
A_Full_Model,largest_cost_revision_pct_to_date_t,0.002504,36
A_Full_Model,has_revised_schedule_as_of_t,0.002452,37
A_Full_Model,has_cost_revision_t,0.002222,38
A_Full_Model,focused_cohort_indicator_t,0.002179,39
A_Full_Model,avg_monthly_expenditure_to_date_t,0.00216,40
A_Full_Model,progress_std_to_date_t,0.002159,41
A_Full_Model,state_median_progress_t,0.002111,42
A_Full_Model,consecutive_observation_count_t,0.001489,43
A_Full_Model,months_since_first_observed_t,0.001417,44
A_Full_Model,cumulative_expenditure_lag3,0.001389,45
A_Full_Model,expenditure_change_1m_t,0.001251,46
A_Full_Model,months_observed_to_date_t,0.001223,47
A_Full_Model,expenditure_growth_rate_t,0.001143,48
A_Full_Model,longest_stagnation_to_date_t,0.001122,49
A_Full_Model,schedule_revision_count_to_date_t,0.001068,50
A_Full_Model,cost_reduction_pct_as_of_t,0.001026,51
A_Full_Model,monthly_expenditure_delta_t,0.000985,52
A_Full_Model,expenditure_velocity_6m_t,0.000965,53
A_Full_Model,table_source_t_Table 7: All Ongoing Projects,0.000881,54
A_Full_Model,progress_change_3m_t,0.000857,55
A_Full_Model,months_since_last_schedule_revision_t,0.000857,55
A_Full_Model,months_since_last_cost_revision_t,0.000774,56
A_Full_Model,progress_velocity_1m_t,0.000767,57
A_Full_Model,expenditure_velocity_3m_t,0.000746,58
A_Full_Model,progress_change_2m_t,0.000715,59
A_Full_Model,months_since_last_progress_increase_t,0.000681,60
A_Full_Model,project_size_category_Medium (150-500Cr),0.000667,61
A_Full_Model,expenditure_change_3m_t,0.000634,62
A_Full_Model,progress_change_1m_t,0.000621,63
A_Full_Model,progress_velocity_6m_t,0.000621,63
A_Full_Model,progress_change_last_3m_t,0.000556,64
A_Full_Model,missing_expenditure_t,0.00053,65
A_Full_Model,progress_velocity_3m_t,0.000439,66
A_Full_Model,table_source_t_Table 6: All Ongoing Projects,0.000422,67
A_Full_Model,missing_physical_progress_t,0.000333,68
A_Full_Model,stagnant_2m_t,0.000331,69
A_Full_Model,project_size_category_Mega (>1000Cr),0.000324,70
A_Full_Model,table_source_t_Table 4: All Ongoing Projects,0.000201,71
A_Full_Model,months_since_last_observation_t,0.000186,72
A_Full_Model,project_size_category_Large (500-1000Cr),0.000176,73
A_Full_Model,project_size_category_Unknown,0.000162,74
A_Full_Model,missing_revised_cost_t,0.00015,75
A_Full_Model,cost_revision_count_to_date_t,0.000137,76
A_Full_Model,stagnant_3m_t,9.8e-05,77
A_Full_Model,observation_coverage_ratio_t,2.6e-05,78
A_Full_Model,negative_expenditure_delta_flag_t,2.2e-05,79
A_Full_Model,project_size_category_Small (<150Cr),8e-06,80
A_Full_Model,observation_gap_flag_t,7e-06,81
A_Full_Model,stagnant_6m_t,0.0,82
B_No_Deadline_Proximity,current_schedule_status_as_of_t_on_schedule,0.227917,1
B_No_Deadline_Proximity,current_schedule_status_as_of_t_past_due_breached,0.165909,2
B_No_Deadline_Proximity,min_progress_to_date_t,0.073396,3
B_No_Deadline_Proximity,average_progress_to_date_t,0.047952,4
B_No_Deadline_Proximity,schedule_slippage_months_t,0.043664,5
B_No_Deadline_Proximity,max_progress_to_date_t,0.039186,6
B_No_Deadline_Proximity,physical_progress_t,0.035791,7
B_No_Deadline_Proximity,remaining_physical_progress_t,0.023801,8
B_No_Deadline_Proximity,physical_progress_lag1,0.023345,9
B_No_Deadline_Proximity,expenditure_ratio_pct_t,0.022347,10
B_No_Deadline_Proximity,months_to_revised_doc_t,0.022068,11
B_No_Deadline_Proximity,project_age_months_t,0.021812,12
B_No_Deadline_Proximity,agency_active_project_count_t,0.020164,13
B_No_Deadline_Proximity,current_schedule_status_as_of_t_delayed_rescheduled,0.019097,14
B_No_Deadline_Proximity,agency_median_progress_t,0.017842,15
B_No_Deadline_Proximity,physical_progress_lag2,0.013958,16
B_No_Deadline_Proximity,planned_duration_months,0.013918,17
B_No_Deadline_Proximity,agency_mean_progress_t,0.01218,18
B_No_Deadline_Proximity,agency_mean_expenditure_ratio_t,0.011582,19
B_No_Deadline_Proximity,cumulative_expenditure_t,0.009616,20
B_No_Deadline_Proximity,cumulative_expenditure_lag1,0.007258,21
B_No_Deadline_Proximity,agency_mean_cost_t,0.006809,22
B_No_Deadline_Proximity,state_active_project_count_t,0.006617,23
B_No_Deadline_Proximity,original_cost_crore,0.00658,24
B_No_Deadline_Proximity,physical_progress_lag3,0.006321,25
B_No_Deadline_Proximity,original_cost_log,0.00605,26
B_No_Deadline_Proximity,revised_cost_t,0.00604,27
B_No_Deadline_Proximity,months_observed_to_date_t,0.004982,28
B_No_Deadline_Proximity,state_mean_progress_t,0.004923,29
B_No_Deadline_Proximity,missing_revised_doc_t,0.004498,30
B_No_Deadline_Proximity,state_mean_cost_t,0.004353,31
B_No_Deadline_Proximity,state_median_progress_t,0.004288,32
B_No_Deadline_Proximity,state_mean_expenditure_ratio_t,0.00353,33
B_No_Deadline_Proximity,progress_std_to_date_t,0.00344,34
B_No_Deadline_Proximity,largest_cost_revision_pct_to_date_t,0.003195,35
B_No_Deadline_Proximity,avg_monthly_expenditure_to_date_t,0.002837,36
B_No_Deadline_Proximity,focused_cohort_indicator_t,0.002826,37
B_No_Deadline_Proximity,reporting_structure_version_t_v2_focused_cohort,0.002731,38
B_No_Deadline_Proximity,reporting_structure_version_t_v1_initial,0.002722,39
B_No_Deadline_Proximity,has_revised_schedule_as_of_t,0.002666,40
B_No_Deadline_Proximity,cost_escalation_pct_t,0.002658,41
B_No_Deadline_Proximity,consecutive_observation_count_t,0.002431,42
B_No_Deadline_Proximity,months_since_first_observed_t,0.002384,43
B_No_Deadline_Proximity,monthly_expenditure_delta_t,0.002126,44
B_No_Deadline_Proximity,expenditure_change_1m_t,0.002116,45
B_No_Deadline_Proximity,expenditure_growth_rate_t,0.002089,46
B_No_Deadline_Proximity,expenditure_velocity_6m_t,0.00203,47
B_No_Deadline_Proximity,schedule_revision_count_to_date_t,0.001946,48
B_No_Deadline_Proximity,longest_stagnation_to_date_t,0.001821,49
B_No_Deadline_Proximity,expenditure_velocity_3m_t,0.001559,50
B_No_Deadline_Proximity,cumulative_expenditure_lag3,0.001486,51
B_No_Deadline_Proximity,expenditure_change_3m_t,0.001291,52
B_No_Deadline_Proximity,progress_velocity_1m_t,0.00128,53
B_No_Deadline_Proximity,months_since_last_cost_revision_t,0.001208,54
B_No_Deadline_Proximity,progress_change_2m_t,0.001173,55
B_No_Deadline_Proximity,months_since_last_progress_increase_t,0.001062,56
B_No_Deadline_Proximity,table_source_t_Table 7: All Ongoing Projects,0.001013,57
B_No_Deadline_Proximity,progress_change_1m_t,0.000833,58
B_No_Deadline_Proximity,progress_velocity_3m_t,0.000775,59
B_No_Deadline_Proximity,has_cost_revision_t,0.00077,60
B_No_Deadline_Proximity,cost_reduction_pct_as_of_t,0.00074,61
B_No_Deadline_Proximity,cost_revision_count_to_date_t,0.000726,62
B_No_Deadline_Proximity,progress_change_3m_t,0.000724,63
B_No_Deadline_Proximity,progress_change_last_3m_t,0.000694,64
B_No_Deadline_Proximity,progress_velocity_6m_t,0.000637,65
B_No_Deadline_Proximity,project_size_category_Mega (>1000Cr),0.000619,66
B_No_Deadline_Proximity,missing_expenditure_t,0.000593,67
B_No_Deadline_Proximity,table_source_t_Table 6: All Ongoing Projects,0.000578,68
B_No_Deadline_Proximity,project_size_category_Medium (150-500Cr),0.000563,69
B_No_Deadline_Proximity,months_since_last_schedule_revision_t,0.000562,70
B_No_Deadline_Proximity,project_size_category_Large (500-1000Cr),0.000559,71
B_No_Deadline_Proximity,table_source_t_Table 4: All Ongoing Projects,0.000485,72
B_No_Deadline_Proximity,missing_physical_progress_t,0.00046,73
B_No_Deadline_Proximity,months_since_last_observation_t,0.000449,74
B_No_Deadline_Proximity,missing_revised_cost_t,0.000378,75
B_No_Deadline_Proximity,stagnant_2m_t,0.000371,76
B_No_Deadline_Proximity,stagnant_3m_t,0.000325,77
B_No_Deadline_Proximity,observation_coverage_ratio_t,0.000115,78
B_No_Deadline_Proximity,observation_gap_flag_t,8.5e-05,79
B_No_Deadline_Proximity,project_size_category_Unknown,4e-05,80
B_No_Deadline_Proximity,project_size_category_Small (<150Cr),3e-05,81
B_No_Deadline_Proximity,stagnant_6m_t,6e-06,82
B_No_Deadline_Proximity,negative_expenditure_delta_flag_t,1e-06,83
C_No_Direct_Schedule_Status,months_to_original_doc_t,0.354538,1
C_No_Direct_Schedule_Status,average_progress_to_date_t,0.087781,2
C_No_Direct_Schedule_Status,max_progress_to_date_t,0.052903,3
C_No_Direct_Schedule_Status,physical_progress_t,0.046662,4
C_No_Direct_Schedule_Status,min_progress_to_date_t,0.044536,5
C_No_Direct_Schedule_Status,remaining_physical_progress_t,0.04099,6
C_No_Direct_Schedule_Status,project_age_months_t,0.034637,7
C_No_Direct_Schedule_Status,expenditure_ratio_pct_t,0.032893,8
C_No_Direct_Schedule_Status,physical_progress_lag1,0.027222,9
C_No_Direct_Schedule_Status,planned_duration_months,0.022147,10
C_No_Direct_Schedule_Status,agency_median_progress_t,0.01944,11
C_No_Direct_Schedule_Status,agency_active_project_count_t,0.019169,12
C_No_Direct_Schedule_Status,months_to_revised_doc_t,0.018472,13
C_No_Direct_Schedule_Status,agency_mean_progress_t,0.016707,14
C_No_Direct_Schedule_Status,physical_progress_lag2,0.012512,15
C_No_Direct_Schedule_Status,agency_mean_expenditure_ratio_t,0.011153,16
C_No_Direct_Schedule_Status,cumulative_expenditure_t,0.010882,17
C_No_Direct_Schedule_Status,state_active_project_count_t,0.008886,18
C_No_Direct_Schedule_Status,agency_mean_cost_t,0.008727,19
C_No_Direct_Schedule_Status,original_cost_crore,0.008643,20
C_No_Direct_Schedule_Status,original_cost_log,0.008422,21
C_No_Direct_Schedule_Status,revised_cost_t,0.007818,22
C_No_Direct_Schedule_Status,cumulative_expenditure_lag1,0.00679,23
C_No_Direct_Schedule_Status,physical_progress_lag3,0.006248,24
C_No_Direct_Schedule_Status,largest_cost_revision_pct_to_date_t,0.006149,25
C_No_Direct_Schedule_Status,state_mean_progress_t,0.005543,26
C_No_Direct_Schedule_Status,state_mean_cost_t,0.005241,27
C_No_Direct_Schedule_Status,state_median_progress_t,0.005029,28
C_No_Direct_Schedule_Status,cost_escalation_pct_t,0.004895,29
C_No_Direct_Schedule_Status,avg_monthly_expenditure_to_date_t,0.004424,30
C_No_Direct_Schedule_Status,progress_std_to_date_t,0.004102,31
C_No_Direct_Schedule_Status,has_cost_revision_t,0.003719,32
C_No_Direct_Schedule_Status,state_mean_expenditure_ratio_t,0.003285,33
C_No_Direct_Schedule_Status,schedule_revision_count_to_date_t,0.003198,34
C_No_Direct_Schedule_Status,reporting_structure_version_t_v1_initial,0.002708,35
C_No_Direct_Schedule_Status,monthly_expenditure_delta_t,0.002399,36
C_No_Direct_Schedule_Status,reporting_structure_version_t_v2_focused_cohort,0.002171,37
C_No_Direct_Schedule_Status,expenditure_growth_rate_t,0.002087,38
C_No_Direct_Schedule_Status,expenditure_change_1m_t,0.002053,39
C_No_Direct_Schedule_Status,longest_stagnation_to_date_t,0.002014,40
C_No_Direct_Schedule_Status,months_since_first_observed_t,0.002007,41
C_No_Direct_Schedule_Status,cumulative_expenditure_lag3,0.002002,42
C_No_Direct_Schedule_Status,months_observed_to_date_t,0.001961,43
C_No_Direct_Schedule_Status,focused_cohort_indicator_t,0.00182,44
C_No_Direct_Schedule_Status,expenditure_change_3m_t,0.0016,45
C_No_Direct_Schedule_Status,expenditure_velocity_3m_t,0.001481,46
C_No_Direct_Schedule_Status,progress_change_3m_t,0.001475,47
C_No_Direct_Schedule_Status,months_since_last_cost_revision_t,0.001313,48
C_No_Direct_Schedule_Status,progress_change_2m_t,0.001286,49
C_No_Direct_Schedule_Status,table_source_t_Table 7: All Ongoing Projects,0.001229,50
C_No_Direct_Schedule_Status,progress_velocity_3m_t,0.001178,51
C_No_Direct_Schedule_Status,progress_change_1m_t,0.001173,52
C_No_Direct_Schedule_Status,progress_change_last_3m_t,0.001151,53
C_No_Direct_Schedule_Status,cost_reduction_pct_as_of_t,0.00107,54
C_No_Direct_Schedule_Status,consecutive_observation_count_t,0.001052,55
C_No_Direct_Schedule_Status,months_since_last_progress_increase_t,0.0009,56
C_No_Direct_Schedule_Status,months_since_last_schedule_revision_t,0.000888,57
C_No_Direct_Schedule_Status,cost_revision_count_to_date_t,0.000848,58
C_No_Direct_Schedule_Status,project_size_category_Mega (>1000Cr),0.000847,59
C_No_Direct_Schedule_Status,progress_velocity_6m_t,0.000777,60
C_No_Direct_Schedule_Status,progress_velocity_1m_t,0.000774,61
C_No_Direct_Schedule_Status,project_size_category_Medium (150-500Cr),0.000762,62
C_No_Direct_Schedule_Status,has_revised_schedule_as_of_t,0.000735,63
C_No_Direct_Schedule_Status,missing_revised_doc_t,0.0006,64
C_No_Direct_Schedule_Status,table_source_t_Table 6: All Ongoing Projects,0.000525,65
C_No_Direct_Schedule_Status,table_source_t_Table 4: All Ongoing Projects,0.000466,66
C_No_Direct_Schedule_Status,project_size_category_Large (500-1000Cr),0.00039,67
C_No_Direct_Schedule_Status,expenditure_velocity_6m_t,0.000384,68
C_No_Direct_Schedule_Status,stagnant_3m_t,0.000344,69
C_No_Direct_Schedule_Status,missing_physical_progress_t,0.000334,70
C_No_Direct_Schedule_Status,project_size_category_Small (<150Cr),0.000289,71
C_No_Direct_Schedule_Status,months_since_last_observation_t,0.000261,72
C_No_Direct_Schedule_Status,stagnant_2m_t,0.000241,73
C_No_Direct_Schedule_Status,missing_expenditure_t,0.000186,74
C_No_Direct_Schedule_Status,missing_revised_cost_t,0.000149,75
C_No_Direct_Schedule_Status,observation_gap_flag_t,8.6e-05,76
C_No_Direct_Schedule_Status,project_size_category_Unknown,7.3e-05,77
C_No_Direct_Schedule_Status,observation_coverage_ratio_t,6.8e-05,78
C_No_Direct_Schedule_Status,negative_expenditure_delta_flag_t,6.4e-05,79
C_No_Direct_Schedule_Status,stagnant_6m_t,1.6e-05,80
D_No_Schedule_Derived,average_progress_to_date_t,0.10773,1
D_No_Schedule_Derived,min_progress_to_date_t,0.089382,2
D_No_Schedule_Derived,max_progress_to_date_t,0.086923,3
D_No_Schedule_Derived,project_age_months_t,0.068533,4
D_No_Schedule_Derived,remaining_physical_progress_t,0.054597,5
D_No_Schedule_Derived,planned_duration_months,0.048547,6
D_No_Schedule_Derived,physical_progress_t,0.042655,7
D_No_Schedule_Derived,physical_progress_lag1,0.041567,8
D_No_Schedule_Derived,expenditure_ratio_pct_t,0.041143,9
D_No_Schedule_Derived,agency_mean_progress_t,0.037305,10
D_No_Schedule_Derived,agency_active_project_count_t,0.029656,11
D_No_Schedule_Derived,agency_median_progress_t,0.028934,12
D_No_Schedule_Derived,physical_progress_lag2,0.027281,13
D_No_Schedule_Derived,agency_mean_expenditure_ratio_t,0.019748,14
D_No_Schedule_Derived,cumulative_expenditure_t,0.01875,15
D_No_Schedule_Derived,agency_mean_cost_t,0.018449,16
D_No_Schedule_Derived,revised_cost_t,0.017357,17
D_No_Schedule_Derived,original_cost_crore,0.016152,18
D_No_Schedule_Derived,original_cost_log,0.015664,19
D_No_Schedule_Derived,state_active_project_count_t,0.013734,20
D_No_Schedule_Derived,cumulative_expenditure_lag1,0.012248,21
D_No_Schedule_Derived,state_mean_cost_t,0.010771,22
D_No_Schedule_Derived,avg_monthly_expenditure_to_date_t,0.010438,23
D_No_Schedule_Derived,physical_progress_lag3,0.008884,24
D_No_Schedule_Derived,state_mean_progress_t,0.008366,25
D_No_Schedule_Derived,state_mean_expenditure_ratio_t,0.008345,26
D_No_Schedule_Derived,progress_std_to_date_t,0.008292,27
D_No_Schedule_Derived,state_median_progress_t,0.008248,28
D_No_Schedule_Derived,largest_cost_revision_pct_to_date_t,0.00783,29
D_No_Schedule_Derived,cost_escalation_pct_t,0.007045,30
D_No_Schedule_Derived,monthly_expenditure_delta_t,0.005471,31
D_No_Schedule_Derived,cumulative_expenditure_lag3,0.005392,32
D_No_Schedule_Derived,expenditure_change_1m_t,0.004192,33
D_No_Schedule_Derived,expenditure_growth_rate_t,0.004076,34
D_No_Schedule_Derived,expenditure_velocity_3m_t,0.003852,35
D_No_Schedule_Derived,longest_stagnation_to_date_t,0.003852,35
D_No_Schedule_Derived,expenditure_change_3m_t,0.003776,36
D_No_Schedule_Derived,consecutive_observation_count_t,0.003114,37
D_No_Schedule_Derived,has_cost_revision_t,0.003092,38
D_No_Schedule_Derived,reporting_structure_version_t_v2_focused_cohort,0.002991,39
D_No_Schedule_Derived,months_since_last_cost_revision_t,0.002944,40
D_No_Schedule_Derived,progress_change_last_3m_t,0.002923,41
D_No_Schedule_Derived,progress_change_2m_t,0.002901,42
D_No_Schedule_Derived,progress_velocity_3m_t,0.002899,43
D_No_Schedule_Derived,progress_change_3m_t,0.002871,44
D_No_Schedule_Derived,focused_cohort_indicator_t,0.002867,45
D_No_Schedule_Derived,progress_velocity_1m_t,0.002421,46
D_No_Schedule_Derived,months_since_first_observed_t,0.002372,47
D_No_Schedule_Derived,progress_change_1m_t,0.002349,48
D_No_Schedule_Derived,months_observed_to_date_t,0.002218,49
D_No_Schedule_Derived,reporting_structure_version_t_v1_initial,0.002138,50
D_No_Schedule_Derived,months_since_last_progress_increase_t,0.001992,51
D_No_Schedule_Derived,project_size_category_Medium (150-500Cr),0.001915,52
D_No_Schedule_Derived,cost_revision_count_to_date_t,0.0014,53
D_No_Schedule_Derived,project_size_category_Mega (>1000Cr),0.00133,54
D_No_Schedule_Derived,project_size_category_Large (500-1000Cr),0.001061,55
D_No_Schedule_Derived,progress_velocity_6m_t,0.00105,56
D_No_Schedule_Derived,expenditure_velocity_6m_t,0.001018,57
D_No_Schedule_Derived,cost_reduction_pct_as_of_t,0.001018,57
D_No_Schedule_Derived,table_source_t_Table 4: All Ongoing Projects,0.001001,58
D_No_Schedule_Derived,table_source_t_Table 7: All Ongoing Projects,0.000803,59
D_No_Schedule_Derived,missing_expenditure_t,0.00074,60
D_No_Schedule_Derived,table_source_t_Table 6: All Ongoing Projects,0.000718,61
D_No_Schedule_Derived,stagnant_2m_t,0.000598,62
D_No_Schedule_Derived,missing_physical_progress_t,0.000443,63
D_No_Schedule_Derived,months_since_last_observation_t,0.000399,64
D_No_Schedule_Derived,stagnant_3m_t,0.000391,65
D_No_Schedule_Derived,project_size_category_Small (<150Cr),0.000292,66
D_No_Schedule_Derived,observation_coverage_ratio_t,0.000218,67
D_No_Schedule_Derived,observation_gap_flag_t,0.000182,68
D_No_Schedule_Derived,stagnant_6m_t,0.000103,69
D_No_Schedule_Derived,negative_expenditure_delta_flag_t,1.6e-05,70
D_No_Schedule_Derived,missing_revised_cost_t,1.4e-05,71
D_No_Schedule_Derived,project_size_category_Unknown,1.4e-05,71
E_Operational_State_Only,max_progress_to_date_t,0.103442,1
E_Operational_State_Only,average_progress_to_date_t,0.092877,2
E_Operational_State_Only,project_age_months_t,0.091821,3
E_Operational_State_Only,min_progress_to_date_t,0.089795,4
E_Operational_State_Only,planned_duration_months,0.070279,5
E_Operational_State_Only,physical_progress_t,0.068642,6
E_Operational_State_Only,expenditure_ratio_pct_t,0.063255,7
E_Operational_State_Only,remaining_physical_progress_t,0.053394,8
E_Operational_State_Only,physical_progress_lag1,0.044139,9
E_Operational_State_Only,physical_progress_lag2,0.036105,10
E_Operational_State_Only,cumulative_expenditure_t,0.029698,11
E_Operational_State_Only,physical_progress_lag3,0.028553,12
E_Operational_State_Only,original_cost_log,0.02606,13
E_Operational_State_Only,original_cost_crore,0.023723,14
E_Operational_State_Only,revised_cost_t,0.023398,15
E_Operational_State_Only,cumulative_expenditure_lag1,0.016905,16
E_Operational_State_Only,largest_cost_revision_pct_to_date_t,0.014788,17
E_Operational_State_Only,avg_monthly_expenditure_to_date_t,0.013518,18
E_Operational_State_Only,progress_std_to_date_t,0.010114,19
E_Operational_State_Only,cost_escalation_pct_t,0.00944,20
E_Operational_State_Only,cumulative_expenditure_lag3,0.008321,21
E_Operational_State_Only,expenditure_change_1m_t,0.007062,22
E_Operational_State_Only,expenditure_velocity_3m_t,0.006415,23
E_Operational_State_Only,expenditure_growth_rate_t,0.006131,24
E_Operational_State_Only,monthly_expenditure_delta_t,0.005995,25
E_Operational_State_Only,expenditure_change_3m_t,0.005376,26
E_Operational_State_Only,longest_stagnation_to_date_t,0.00522,27
E_Operational_State_Only,months_since_last_cost_revision_t,0.004494,28
E_Operational_State_Only,progress_velocity_3m_t,0.003782,29
E_Operational_State_Only,has_cost_revision_t,0.003779,30
E_Operational_State_Only,progress_change_last_3m_t,0.003725,31
E_Operational_State_Only,progress_change_2m_t,0.003128,32
E_Operational_State_Only,progress_change_3m_t,0.00296,33
E_Operational_State_Only,progress_velocity_1m_t,0.00279,34
E_Operational_State_Only,months_since_last_progress_increase_t,0.002771,35
E_Operational_State_Only,progress_change_1m_t,0.002724,36
E_Operational_State_Only,cost_revision_count_to_date_t,0.002441,37
E_Operational_State_Only,project_size_category_Medium (150-500Cr),0.002149,38
E_Operational_State_Only,project_size_category_Large (500-1000Cr),0.002028,39
E_Operational_State_Only,expenditure_velocity_6m_t,0.001964,40
E_Operational_State_Only,cost_reduction_pct_as_of_t,0.001755,41
E_Operational_State_Only,progress_velocity_6m_t,0.001665,42
E_Operational_State_Only,project_size_category_Mega (>1000Cr),0.001201,43
E_Operational_State_Only,stagnant_3m_t,0.000975,44
E_Operational_State_Only,stagnant_2m_t,0.000838,45
E_Operational_State_Only,project_size_category_Small (<150Cr),0.000132,46
E_Operational_State_Only,negative_expenditure_delta_flag_t,9.3e-05,47
E_Operational_State_Only,stagnant_6m_t,7.1e-05,48
E_Operational_State_Only,project_size_category_Unknown,6.5e-05,49
F_Conservative,average_progress_to_date_t,0.10773,1
F_Conservative,min_progress_to_date_t,0.089382,2
F_Conservative,max_progress_to_date_t,0.086923,3
F_Conservative,project_age_months_t,0.068533,4
F_Conservative,remaining_physical_progress_t,0.054597,5
F_Conservative,planned_duration_months,0.048547,6
F_Conservative,physical_progress_t,0.042655,7
F_Conservative,physical_progress_lag1,0.041567,8
F_Conservative,expenditure_ratio_pct_t,0.041143,9
F_Conservative,agency_mean_progress_t,0.037305,10
F_Conservative,agency_active_project_count_t,0.029656,11
F_Conservative,agency_median_progress_t,0.028934,12
F_Conservative,physical_progress_lag2,0.027281,13
F_Conservative,agency_mean_expenditure_ratio_t,0.019748,14
F_Conservative,cumulative_expenditure_t,0.01875,15
F_Conservative,agency_mean_cost_t,0.018449,16
F_Conservative,revised_cost_t,0.017357,17
F_Conservative,original_cost_crore,0.016152,18
F_Conservative,original_cost_log,0.015664,19
F_Conservative,state_active_project_count_t,0.013734,20
F_Conservative,cumulative_expenditure_lag1,0.012248,21
F_Conservative,state_mean_cost_t,0.010771,22
F_Conservative,avg_monthly_expenditure_to_date_t,0.010438,23
F_Conservative,physical_progress_lag3,0.008884,24
F_Conservative,state_mean_progress_t,0.008366,25
F_Conservative,state_mean_expenditure_ratio_t,0.008345,26
F_Conservative,progress_std_to_date_t,0.008292,27
F_Conservative,state_median_progress_t,0.008248,28
F_Conservative,largest_cost_revision_pct_to_date_t,0.00783,29
F_Conservative,cost_escalation_pct_t,0.007045,30
F_Conservative,monthly_expenditure_delta_t,0.005471,31
F_Conservative,cumulative_expenditure_lag3,0.005392,32
F_Conservative,expenditure_change_1m_t,0.004192,33
F_Conservative,expenditure_growth_rate_t,0.004076,34
F_Conservative,expenditure_velocity_3m_t,0.003852,35
F_Conservative,longest_stagnation_to_date_t,0.003852,35
F_Conservative,expenditure_change_3m_t,0.003776,36
F_Conservative,consecutive_observation_count_t,0.003114,37
F_Conservative,has_cost_revision_t,0.003092,38
F_Conservative,reporting_structure_version_t_v2_focused_cohort,0.002991,39
F_Conservative,months_since_last_cost_revision_t,0.002944,40
F_Conservative,progress_change_last_3m_t,0.002923,41
F_Conservative,progress_change_2m_t,0.002901,42
F_Conservative,progress_velocity_3m_t,0.002899,43
F_Conservative,progress_change_3m_t,0.002871,44
F_Conservative,focused_cohort_indicator_t,0.002867,45
F_Conservative,progress_velocity_1m_t,0.002421,46
F_Conservative,months_since_first_observed_t,0.002372,47
F_Conservative,progress_change_1m_t,0.002349,48
F_Conservative,months_observed_to_date_t,0.002218,49
F_Conservative,reporting_structure_version_t_v1_initial,0.002138,50
F_Conservative,months_since_last_progress_increase_t,0.001992,51
F_Conservative,project_size_category_Medium (150-500Cr),0.001915,52
F_Conservative,cost_revision_count_to_date_t,0.0014,53
F_Conservative,project_size_category_Mega (>1000Cr),0.00133,54
F_Conservative,project_size_category_Large (500-1000Cr),0.001061,55
F_Conservative,progress_velocity_6m_t,0.00105,56
F_Conservative,expenditure_velocity_6m_t,0.001018,57
F_Conservative,cost_reduction_pct_as_of_t,0.001018,57
F_Conservative,table_source_t_Table 4: All Ongoing Projects,0.001001,58
F_Conservative,table_source_t_Table 7: All Ongoing Projects,0.000803,59
F_Conservative,missing_expenditure_t,0.00074,60
F_Conservative,table_source_t_Table 6: All Ongoing Projects,0.000718,61
F_Conservative,stagnant_2m_t,0.000598,62
F_Conservative,missing_physical_progress_t,0.000443,63
F_Conservative,months_since_last_observation_t,0.000399,64
F_Conservative,stagnant_3m_t,0.000391,65
F_Conservative,project_size_category_Small (<150Cr),0.000292,66
F_Conservative,observation_coverage_ratio_t,0.000218,67
F_Conservative,observation_gap_flag_t,0.000182,68
F_Conservative,stagnant_6m_t,0.000103,69
F_Conservative,negative_expenditure_delta_flag_t,1.6e-05,70
F_Conservative,missing_revised_cost_t,1.4e-05,71
F_Conservative,project_size_category_Unknown,1.4e-05,71
