probability_bin,bin_lower,bin_upper,sample_count,sample_pct,mean_predicted_probability,observed_positive_rate,absolute_calibration_error,model_family,calibration_method,split
0.0-0.1,0.0,0.1,1253,33.09,0.0315,0.0008,0.0307,FULL_MODEL,Uncalibrated_RF,TEST_OOT
0.1-0.2,0.1,0.2,126,3.33,0.1346,0.0,0.1346,FULL_MODEL,Uncalibrated_RF,TEST_OOT
0.2-0.3,0.2,0.3,25,0.66,0.2409,0.0,0.2409,FULL_MODEL,Uncalibrated_RF,TEST_OOT
0.3-0.4,0.3,0.4,16,0.42,0.3735,0.75,0.3765,FULL_MODEL,Uncalibrated_RF,TEST_OOT
0.4-0.5,0.4,0.5,121,3.2,0.4561,0.8264,0.3704,FULL_MODEL,Uncalibrated_RF,TEST_OOT
0.5-0.6,0.5,0.6,236,6.23,0.5569,0.8475,0.2906,FULL_MODEL,Uncalibrated_RF,TEST_OOT
0.6-0.7,0.6,0.7,491,12.97,0.6609,0.9165,0.2556,FULL_MODEL,Uncalibrated_RF,TEST_OOT
0.7-0.8,0.7,0.8,739,19.51,0.737,0.9513,0.2143,FULL_MODEL,Uncalibrated_RF,TEST_OOT
0.8-0.9,0.8,0.9,306,8.08,0.8593,0.951,0.0917,FULL_MODEL,Uncalibrated_RF,TEST_OOT
0.9-1.0,0.9,1.0,474,12.52,0.9465,0.9916,0.0451,FULL_MODEL,Uncalibrated_RF,TEST_OOT
0.0-0.1,0.0,0.1,1349,35.62,0.0083,0.0007,0.0075,FULL_MODEL,Sigmoid_Platt,TEST_OOT
0.1-0.2,0.1,0.2,30,0.79,0.1372,0.0,0.1372,FULL_MODEL,Sigmoid_Platt,TEST_OOT
0.2-0.3,0.2,0.3,10,0.26,0.2252,0.0,0.2252,FULL_MODEL,Sigmoid_Platt,TEST_OOT
0.3-0.4,0.3,0.4,14,0.37,0.3313,0.0,0.3313,FULL_MODEL,Sigmoid_Platt,TEST_OOT
0.4-0.5,0.4,0.5,2,0.05,0.4306,0.0,0.4306,FULL_MODEL,Sigmoid_Platt,TEST_OOT
0.5-0.6,0.5,0.6,1,0.03,0.535,0.0,0.535,FULL_MODEL,Sigmoid_Platt,TEST_OOT
0.6-0.7,0.6,0.7,15,0.4,0.6604,0.8667,0.2063,FULL_MODEL,Sigmoid_Platt,TEST_OOT
0.7-0.8,0.7,0.8,55,1.45,0.7518,0.8,0.0482,FULL_MODEL,Sigmoid_Platt,TEST_OOT
0.8-0.9,0.8,0.9,136,3.59,0.8555,0.8529,0.0025,FULL_MODEL,Sigmoid_Platt,TEST_OOT
0.9-1.0,0.9,1.0,2175,57.43,0.9803,0.9439,0.0363,FULL_MODEL,Sigmoid_Platt,TEST_OOT
0.0-0.1,0.0,0.1,1404,37.07,0.0021,0.0007,0.0014,FULL_MODEL,Isotonic,TEST_OOT
0.1-0.2,0.1,0.2,1,0.03,0.1828,0.0,0.1828,FULL_MODEL,Isotonic,TEST_OOT
0.2-0.3,0.2,0.3,0,0.0,0.25,,,FULL_MODEL,Isotonic,TEST_OOT
0.3-0.4,0.3,0.4,0,0.0,0.35,,,FULL_MODEL,Isotonic,TEST_OOT
0.4-0.5,0.4,0.5,1,0.03,0.4957,0.0,0.4957,FULL_MODEL,Isotonic,TEST_OOT
0.5-0.6,0.5,0.6,0,0.0,0.55,,,FULL_MODEL,Isotonic,TEST_OOT
0.6-0.7,0.6,0.7,0,0.0,0.65,,,FULL_MODEL,Isotonic,TEST_OOT
0.7-0.8,0.7,0.8,0,0.0,0.75,,,FULL_MODEL,Isotonic,TEST_OOT
0.8-0.9,0.8,0.9,10,0.26,0.8571,0.8,0.0571,FULL_MODEL,Isotonic,TEST_OOT
0.9-1.0,0.9,1.0,2371,62.61,0.9823,0.9355,0.0469,FULL_MODEL,Isotonic,TEST_OOT
0.0-0.1,0.0,0.1,590,15.58,0.0519,0.0271,0.0248,CONSERVATIVE_MODEL,Uncalibrated_RF,TEST_OOT
0.1-0.2,0.1,0.2,431,11.38,0.1519,0.1323,0.0197,CONSERVATIVE_MODEL,Uncalibrated_RF,TEST_OOT
0.2-0.3,0.2,0.3,359,9.48,0.2499,0.3872,0.1373,CONSERVATIVE_MODEL,Uncalibrated_RF,TEST_OOT
0.3-0.4,0.3,0.4,493,13.02,0.3546,0.6897,0.3351,CONSERVATIVE_MODEL,Uncalibrated_RF,TEST_OOT
0.4-0.5,0.4,0.5,726,19.17,0.4491,0.8223,0.3733,CONSERVATIVE_MODEL,Uncalibrated_RF,TEST_OOT
0.5-0.6,0.5,0.6,410,10.83,0.5411,0.8561,0.315,CONSERVATIVE_MODEL,Uncalibrated_RF,TEST_OOT
0.6-0.7,0.6,0.7,213,5.62,0.6442,0.8779,0.2338,CONSERVATIVE_MODEL,Uncalibrated_RF,TEST_OOT
0.7-0.8,0.7,0.8,199,5.25,0.7519,0.9196,0.1677,CONSERVATIVE_MODEL,Uncalibrated_RF,TEST_OOT
0.8-0.9,0.8,0.9,227,5.99,0.8514,0.9692,0.1178,CONSERVATIVE_MODEL,Uncalibrated_RF,TEST_OOT
0.9-1.0,0.9,1.0,139,3.67,0.9343,0.9856,0.0513,CONSERVATIVE_MODEL,Uncalibrated_RF,TEST_OOT
0.0-0.1,0.0,0.1,633,16.72,0.0302,0.0269,0.0033,CONSERVATIVE_MODEL,Sigmoid_Platt,TEST_OOT
0.1-0.2,0.1,0.2,208,5.49,0.1476,0.0721,0.0755,CONSERVATIVE_MODEL,Sigmoid_Platt,TEST_OOT
0.2-0.3,0.2,0.3,172,4.54,0.2534,0.2267,0.0267,CONSERVATIVE_MODEL,Sigmoid_Platt,TEST_OOT
0.3-0.4,0.3,0.4,136,3.59,0.346,0.3015,0.0445,CONSERVATIVE_MODEL,Sigmoid_Platt,TEST_OOT
0.4-0.5,0.4,0.5,136,3.59,0.4521,0.4044,0.0476,CONSERVATIVE_MODEL,Sigmoid_Platt,TEST_OOT
0.5-0.6,0.5,0.6,154,4.07,0.5521,0.526,0.0261,CONSERVATIVE_MODEL,Sigmoid_Platt,TEST_OOT
0.6-0.7,0.6,0.7,229,6.05,0.6528,0.6594,0.0066,CONSERVATIVE_MODEL,Sigmoid_Platt,TEST_OOT
0.7-0.8,0.7,0.8,412,10.88,0.7566,0.7791,0.0226,CONSERVATIVE_MODEL,Sigmoid_Platt,TEST_OOT
0.8-0.9,0.8,0.9,682,18.01,0.8511,0.8328,0.0183,CONSERVATIVE_MODEL,Sigmoid_Platt,TEST_OOT
0.9-1.0,0.9,1.0,1025,27.07,0.9679,0.9161,0.0518,CONSERVATIVE_MODEL,Sigmoid_Platt,TEST_OOT
0.0-0.1,0.0,0.1,797,21.05,0.0271,0.0376,0.0106,CONSERVATIVE_MODEL,Isotonic,TEST_OOT
0.1-0.2,0.1,0.2,64,1.69,0.1491,0.0938,0.0553,CONSERVATIVE_MODEL,Isotonic,TEST_OOT
0.2-0.3,0.2,0.3,288,7.6,0.2177,0.2639,0.0462,CONSERVATIVE_MODEL,Isotonic,TEST_OOT
0.3-0.4,0.3,0.4,0,0.0,0.35,,,CONSERVATIVE_MODEL,Isotonic,TEST_OOT
0.4-0.5,0.4,0.5,192,5.07,0.4186,0.4115,0.0071,CONSERVATIVE_MODEL,Isotonic,TEST_OOT
0.5-0.6,0.5,0.6,1,0.03,0.5418,1.0,0.4582,CONSERVATIVE_MODEL,Isotonic,TEST_OOT
0.6-0.7,0.6,0.7,282,7.45,0.6554,0.6312,0.0242,CONSERVATIVE_MODEL,Isotonic,TEST_OOT
0.7-0.8,0.7,0.8,44,1.16,0.7648,0.6591,0.1057,CONSERVATIVE_MODEL,Isotonic,TEST_OOT
0.8-0.9,0.8,0.9,562,14.84,0.8463,0.8043,0.042,CONSERVATIVE_MODEL,Isotonic,TEST_OOT
0.9-1.0,0.9,1.0,1557,41.11,0.9343,0.8838,0.0506,CONSERVATIVE_MODEL,Isotonic,TEST_OOT
